date,ingredient,store,price,pack,sale_until,product
2026-09-26,zemiaky,billa,4.49,5 kg,,CLEVER zemiaky žlté neskoré konzumné prané typ B
2026-09-26,zemiaky,fresh,1.15,1 kg,,ZEMIAKY KONZ. NESKORÉ
2026-09-26,zemiaky,fresh,0.88,1 kg,2026-12-31,ZEMIAKY KONZ. NESKORÉ
2026-09-26,zemiaky,kaufland,1.19,1 kg,,Zemiaky konzumné varný typ B
2026-09-26,zemiaky,lidl,0.89,1 kg,,Zemiaky konzumné neskoré B
2026-09-26,zemiaky,terno,1.19,1 kg,,Zemiaky Colomba/Riviera konzumné skoré voľné
2026-09-26,zemiaky,tesco,1.19,1 kg,,Zemiaky volne konzumne neskore
2026-09-26,cibula,billa,0.79,1 kg,,CLEVER cibuľa
2026-09-26,cibula,fresh,0.75,1 kg,,CIBUĽA ŽLTÁ 1kg BALENÁ FRESH
2026-09-26,cibula,kaufland,4.29,5 kg,,ZLT Cibuľa žltá 5kg
2026-09-26,cibula,lidl,2.29,5 kg,,Cibuľa 5kg
2026-09-26,cibula,terno,0.99,1 kg,,Cibuľa žltá sieť 1kg
2026-09-26,cibula,tesco,0.79,1 kg,,GH Cibuľa balená 1 kg
2026-09-26,cibula,tesco,0.48,1 kg,2026-09-29,GH Cibuľa balená 1 kg
2026-09-26,cibula-cervena,billa,1.49,1 kg,,Cibuľa červená
2026-09-26,cibula-cervena,fresh,1.35,1 kg,,CIBUĽA ČERVENÁ SUCHÁ
2026-09-26,cibula-cervena,kaufland,1.39,1 kg,,Cibuľa červená
2026-09-26,cibula-cervena,kaufland,0.55,500 g,2026-09-30,ZLT Cibuľa červená 500g
2026-09-26,cibula-cervena,lidl,0.69,500 g,,Červená cibuľa 500g
2026-09-26,cibula-cervena,terno,1.49,1 kg,,Cibuľa červená voľná
2026-09-26,cibula-cervena,tesco,1.39,1 kg,,Cibuľa červená voľná
2026-09-26,mrkva,billa,1.29,1 kg,,Karotka skorá praná
2026-09-26,mrkva,fresh,1.35,1 kg,,MRKVA VOĽNÁ
2026-09-26,mrkva,fresh,0.69,1 kg,2026-10-07,MRKVA VOĽNÁ
2026-09-26,mrkva,kaufland,1.29,1 kg,,Mrkva
2026-09-26,mrkva,lidl,1.89,3 kg,,Mrkva 3kg
2026-09-26,mrkva,terno,1.39,1 kg,,Mrkva voľná
2026-09-26,mrkva,tesco,1.29,1 kg,,EX Mrkva voľná
2026-09-26,petrzlen-koren,billa,2.99,1 kg,,Petržlen praný
2026-09-26,petrzlen-koren,fresh,2.65,1 kg,,PETRŽLEN VOĽNÝ
2026-09-26,petrzlen-koren,kaufland,2.69,1 kg,,Petržlen praný
2026-09-26,petrzlen-koren,lidl,2.69,1 kg,,Petržlen
2026-09-26,petrzlen-koren,terno,2.99,1 kg,,Petržlen voľný
2026-09-26,petrzlen-koren,tesco,2.99,1 kg,,Petrzlen volny
2026-09-26,citron,billa,0.79,500 g,,CLEVER citróny odroda uvedená na etikete
2026-09-26,citron,fresh,2.55,1 kg,,CITRÓNY
2026-09-26,citron,kaufland,2.59,1 kg,,Citróny
2026-09-26,citron,lidl,2.99,1 kg,,Citróny
2026-09-26,citron,terno,2.99,1 kg,,Citróny voľné Eureka/Lemons I.tr
2026-09-26,citron,tesco,2.99,1 kg,,"Citróny, voľné"
2026-09-26,citron,tesco,1.69,1 kg,2026-09-29,"Citróny, voľné"
2026-09-26,banan,billa,1.59,1 kg,,Banány Bonvia
2026-09-26,banan,fresh,1.59,1 kg,,BANÁNY
2026-09-26,banan,kaufland,1.59,1 kg,,Banány
2026-09-26,banan,kaufland,1.19,1 kg,2026-09-30,Banány
2026-09-26,banan,lidl,1.09,1 kg,,Banány
2026-09-26,banan,terno,1.59,1 kg,,Banány voľné I.tr.
2026-09-26,banan,tesco,1.59,1 kg,,Banány voľné
2026-09-26,jablko,billa,2.49,2 kg,,"CLEVER jablká červené,odroda uvedená na etikete"
2026-09-26,jablko,billa,0.65,1 kg,2026-09-29,Jablká červené
2026-09-26,jablko,fresh,1.35,1 kg,,JABLKÁ ČERVENÉ
2026-09-26,jablko,fresh,1.19,1 kg,2026-09-30,JABLKÁ GOLDEN UKLADANÉ
2026-09-26,jablko,kaufland,1.39,1 kg,,Jablko červené
2026-09-26,jablko,kaufland,0.99,1 kg,2026-09-30,Jablko Gala
2026-09-26,jablko,lidl,0.99,1 kg,,Červené jablká Gala
2026-09-26,jablko,terno,1.39,1 kg,,Jablká červené voľné I.tr.
2026-09-26,jablko,tesco,2.49,2 kg,,"GH Jablká červené, balené 2 kg"
2026-09-26,jablko,tesco,0.85,1 kg,2026-09-29,Jablká červené voľné
2026-09-26,hladka-muka,billa,0.5,1 kg,,Clever múka Hladká špeciál 00 Extra
2026-09-26,hladka-muka,fresh,0.65,1 kg,,MÚKA HLADKÁ T650 1kg FRESH
2026-09-26,hladka-muka,fresh,0.45,1 kg,2026-12-31,MÚKA HLADKÁ T650 1kg FRESH
2026-09-26,hladka-muka,kaufland,0.45,1 kg,,Z lásky k tradícií Pšeničná múka hladká špecial 00 Extra 1 kg
2026-09-26,hladka-muka,lidl,0.45,1 kg,,"Belbake Pšeničná múka hladká, svetlá, extra 00"
2026-09-26,hladka-muka,terno,0.59,1 kg,,TERKA Pšeničná múka hladká 00 EXTRA 1kg
2026-09-26,hladka-muka,tesco,0.5,1 kg,,TS Múka hladká 1kg
2026-09-26,cukor,billa,0.89,1 kg,,Kryštálový cukor Biely
2026-09-26,cukor,billa,0.69,1 kg,2026-09-29,Kryštálový cukor Biely
2026-09-26,cukor,fresh,0.75,1 kg,,CUKOR KRYŠTÁL 1kg
2026-09-26,cukor,kaufland,0.89,1 kg,,Cukor biely kryštálový 1 kg
2026-09-26,cukor,lidl,0.75,1 kg,,Belbake Kryštálový cukor
2026-09-26,cukor,terno,1.25,1 kg,,HANÁCKY Cukor kryštál 1kg
2026-09-26,cukor,tesco,0.87,1 kg,,TS Kryštálový cukor 1kg
2026-09-26,cukor,tesco,0.75,1 kg,2026-09-29,TS Kryštálový cukor 1kg
2026-09-26,sosovica-hneda,billa,1.19,500 g,,Clever Šošovica veľkozrnná
2026-09-26,sosovica-hneda,fresh,1.29,500 g,,ŠOŠ. ZELENÁ VEĽKOZRNNÁ 500g FRESH
2026-09-26,sosovica-hneda,fresh,0.98,500 g,2026-12-31,ŠOŠ. ZELENÁ VEĽKOZRNNÁ 500g FRESH
2026-09-26,sosovica-hneda,kaufland,1.19,500 g,,K Classic Šošovica zelená veľkozrnná 500 g
2026-09-26,sosovica-hneda,lidl,0.99,500 g,,Campo Largo Šošovica zelená
2026-09-26,sosovica-hneda,tesco,1.19,500 g,,TESCO SOSOVICA 500 G
2026-09-26,ovsene-vlocky,billa,0.65,500 g,,"Clever ovsené vločky Celozrnné, jemné"
2026-09-26,ovsene-vlocky,fresh,1.05,500 g,,VLOČKY BIO OVSENÉ CELOZRNNÉ JEMNÉ 500g
2026-09-26,ovsene-vlocky,kaufland,0.65,500 g,,K Classic Ovsené vločky jemné 500g
2026-09-26,ovsene-vlocky,lidl,0.65,500 g,,Crownfield Ovsené vločky jemné
2026-09-26,ovsene-vlocky,terno,1.79,500 g,,EMCO Ovsené vločky jemné s vlákninou 500g
2026-09-26,ovsene-vlocky,tesco,0.65,500 g,,TESCO OV. VLOCKY JEMNE 500 G
2026-09-26,ovsene-vlocky-bezlepkove,billa,1.69,500 g,,Bonavita ovs.vločky Celé bez lepku
2026-09-26,ovsene-vlocky-bezlepkove,fresh,1.69,500 g,,VLOČKY OVSENÉ JEMNÉ BEZLEPKOVÉ 500g
2026-09-26,ovsene-vlocky-bezlepkove,kaufland,1.38,250 g,,Ovsené vločky jemné bezgluténové 250 g
2026-09-26,ovsene-vlocky-bezlepkove,terno,1.89,350 g,,RAVITA Ovsené vločky bezglutenové hrubé 350g
2026-09-26,ovsene-vlocky-bezlepkove,tesco,2.39,500 g,,TFF Vlocky ovsene jemne bezglut. 500 g
2026-09-26,cestoviny,billa,0.55,500 g,,Clever kolienka stredné bezvaječné
2026-09-26,cestoviny,fresh,0.55,400 g,,CEST KOL SEKANÉ 400g BEZVAJEČNÉ FRESH
2026-09-26,cestoviny,fresh,0.44,400 g,2026-12-31,CEST KOL SEKANÉ 400g BEZVAJEČNÉ FRESH
2026-09-26,cestoviny,kaufland,0.44,500 g,,K Classic Kolienka bezvaječné 500 g
2026-09-26,cestoviny,lidl,0.44,500 g,,Tiradell Kolienka z mäkkej pšenice
2026-09-26,cestoviny,terno,0.79,400 g,,IDEÁL Kolienka veľké bezvaječné 400g
2026-09-26,cestoviny,tesco,1.09,1 kg,,Hearty Food Co. Spagety 1 kg
2026-09-26,cestoviny-bezlepkove,billa,1.79,500 g,,500g SAM MILLS kukuričné kolienka
2026-09-26,cestoviny-bezlepkove,fresh,1.99,300 g,,CEST. KOLIENKA RYŽ. 300g LUCKA BEZLEP.
2026-09-26,cestoviny-bezlepkove,kaufland,1.15,500 g,,Kfree Špagety bezlepkové 500 g
2026-09-26,cestoviny-bezlepkove,terno,2.89,400 g,,Panzani Gluten Free COQUILLETTES 400g
2026-09-26,cestoviny-bezlepkove,tesco,2.15,500 g,,TFF SPAGHETTI 500g
2026-09-26,olej,billa,1.49,1 l,,Clever olej Repkový
2026-09-26,olej,kaufland,1.79,1 l,,K Classic Repkový olej 1 l
2026-09-26,olej,lidl,1.49,1 l,,Vita D'or Repkový olej
2026-09-26,olej,terno,2.39,1 l,,GIANA olej repkový 1l
2026-09-26,olej,tesco,1.99,1 l,,TS REP.OLEJ 1l
2026-09-26,chlieb,billa,1.55,1 kg,,"CHLIEB PŠENIČNO-RAŽNÝ 1000g chlieb voľný, LZ TRADEMARK"
2026-09-26,chlieb,fresh,1.75,1 kg,,CHLIEB TMAVÝ 1kg ZEMIAK. PŠEN. RAŽ.
2026-09-26,chlieb,fresh,1.58,1 kg,2026-12-31,CHLIEB TMAVÝ 1kg ZEMIAK. PŠEN. RAŽ.
2026-09-26,chlieb,kaufland,1.59,1 kg,,"Chlieb konzumný 1000 g, DOBROTA Orava, s.r.o."
2026-09-26,chlieb,lidl,1.59,1 kg,,Chlieb konzumný bez E
2026-09-26,chlieb,terno,1.79,1 kg,,Chlieb pšenično-ražný 1000g PENAM
2026-09-26,chlieb,tesco,1.59,1 kg,,Chlieb pšenično - ražný konzumný 1kg
2026-09-26,chlieb-bezlepkovy,billa,3.15,320 g,,"CHLIEB ČIERNY CELOZRNNÝ 320g BEZGLUTÉNOVÝ, Novalim spol.s r.o."
2026-09-26,chlieb-bezlepkovy,fresh,1.69,300 g,,CHLIEB BOSNIAK BEZLEP. 300g
2026-09-26,chlieb-bezlepkovy,fresh,0.59,210 g,2027-01-03,CHLIEB BEZLEP. 210g
2026-09-26,chlieb-bezlepkovy,kaufland,2.49,350 g,,K free Bezgluténový kukurično-ryžový chlieb semienkový krájaný 350 g
2026-09-26,chlieb-bezlepkovy,lidl,1.75,250 g,,"Tastino Bezgluténový chlieb krájaný, biely"
2026-09-26,chlieb-bezlepkovy,tesco,1.55,250 g,,TS Free From bezgluten.chl. svetly 250 g
2026-09-26,sojove-mlieko,billa,1.59,1 l,,Billa Bio sojóvý nápoj natural
2026-09-26,sojove-mlieko,billa,1.39,1 l,2026-10-06,Billa Bio sojóvý nápoj natural
2026-09-26,sojove-mlieko,lidl,1.39,1 l,,Vemondo Bio Sójový nápoj
2026-09-26,sojove-mlieko,tesco,1.39,1 l,,TS Sójový nápoj sladeny 1 l
2026-09-26,sojovy-jogurt,fresh,2.89,400 g,,JOG. SÓJ. VÝROBOK 400g BIELY BEZ CUKRU ALPRO
2026-09-26,sojovy-jogurt,kaufland,1.68,500 g,,K Veggie Sojagurt natur 500 g
2026-09-26,rastlinna-smotana,billa,1.79,250 ml,,Rajo Vegan krém na varenie 15%
2026-09-27,zemiaky,billa,4.49,5 kg,,CLEVER zemiaky žlté neskoré konzumné prané typ B
2026-09-27,zemiaky,fresh,1.15,1 kg,,ZEMIAKY KONZ. NESKORÉ
2026-09-27,zemiaky,fresh,0.88,1 kg,2026-12-31,ZEMIAKY KONZ. NESKORÉ
2026-09-27,zemiaky,kaufland,1.19,1 kg,,Zemiaky konzumné varný typ B
2026-09-27,zemiaky,lidl,0.89,1 kg,,Zemiaky konzumné neskoré B
2026-09-27,zemiaky,terno,1.19,1 kg,,Zemiaky Colomba/Riviera konzumné skoré voľné
2026-09-27,zemiaky,tesco,1.19,1 kg,,Zemiaky červené konzumné
2026-09-27,cibula,billa,0.79,1 kg,,CLEVER cibuľa
2026-09-27,cibula,fresh,0.75,1 kg,,CIBUĽA ŽLTÁ 1kg BALENÁ FRESH
2026-09-27,cibula,kaufland,4.29,5 kg,,ZLT Cibuľa žltá 5kg
2026-09-27,cibula,lidl,2.29,5 kg,,Cibuľa 5kg
2026-09-27,cibula,terno,0.99,1 kg,,Cibuľa žltá sieť 1kg
2026-09-27,cibula,tesco,0.79,1 kg,,GH Cibuľa balená 1 kg
2026-09-27,cibula,tesco,0.48,1 kg,2026-09-29,GH Cibuľa balená 1 kg
2026-09-27,cibula-cervena,billa,1.49,1 kg,,Cibuľa červená
2026-09-27,cibula-cervena,fresh,1.35,1 kg,,CIBUĽA ČERVENÁ SUCHÁ
2026-09-27,cibula-cervena,kaufland,1.39,1 kg,,Cibuľa červená
2026-09-27,cibula-cervena,kaufland,0.55,500 g,2026-09-30,ZLT Cibuľa červená 500g
2026-09-27,cibula-cervena,lidl,0.69,500 g,,Červená cibuľa 500g
2026-09-27,cibula-cervena,terno,1.49,1 kg,,Cibuľa červená voľná
2026-09-27,cibula-cervena,tesco,1.39,1 kg,,Cibuľa červená voľná
2026-09-27,mrkva,billa,1.29,1 kg,,Karotka skorá praná
2026-09-27,mrkva,fresh,1.35,1 kg,,MRKVA VOĽNÁ
2026-09-27,mrkva,fresh,0.69,1 kg,2026-10-07,MRKVA VOĽNÁ
2026-09-27,mrkva,kaufland,1.29,1 kg,,Mrkva
2026-09-27,mrkva,lidl,1.89,3 kg,,Mrkva 3kg
2026-09-27,mrkva,terno,1.39,1 kg,,Mrkva voľná
2026-09-27,mrkva,tesco,1.29,1 kg,,Mrkva voľná
2026-09-27,petrzlen-koren,billa,2.99,1 kg,,CHUTE SLOVENSKA Petržlen praný
2026-09-27,petrzlen-koren,fresh,2.65,1 kg,,PETRŽLEN VOĽNÝ
2026-09-27,petrzlen-koren,kaufland,2.69,1 kg,,Petržlen praný
2026-09-27,petrzlen-koren,lidl,2.69,1 kg,,Petržlen
2026-09-27,petrzlen-koren,terno,2.99,1 kg,,Petržlen voľný
2026-09-27,petrzlen-koren,tesco,2.99,1 kg,,EX Petrzlen volny
2026-09-27,citron,billa,0.79,500 g,,CLEVER citróny odroda uvedená na etikete
2026-09-27,citron,fresh,2.55,1 kg,,CITRÓNY
2026-09-27,citron,kaufland,2.59,1 kg,,Citróny
2026-09-27,citron,lidl,2.99,1 kg,,Citróny
2026-09-27,citron,terno,2.99,1 kg,,Citróny voľné Eureka/Lemons I.tr
2026-09-27,citron,tesco,2.99,1 kg,,"Citróny, voľné"
2026-09-27,citron,tesco,1.69,1 kg,2026-09-29,"Citróny, voľné"
2026-09-27,banan,billa,1.59,1 kg,,Banány Bonvia
2026-09-27,banan,fresh,1.59,1 kg,,BANÁNY
2026-09-27,banan,kaufland,1.59,1 kg,,Banány
2026-09-27,banan,kaufland,1.19,1 kg,2026-09-30,Banány
2026-09-27,banan,lidl,1.09,1 kg,,Banány
2026-09-27,banan,terno,1.59,1 kg,,Banány voľné I.tr.
2026-09-27,banan,tesco,1.59,1 kg,,Banány voľné
2026-09-27,jablko,billa,2.49,2 kg,,"CLEVER jablká červené,odroda uvedená na etikete"
2026-09-27,jablko,billa,0.65,1 kg,2026-09-29,Jablká červené
2026-09-27,jablko,fresh,1.35,1 kg,,JABLKÁ ČERVENÉ
2026-09-27,jablko,fresh,1.19,1 kg,2026-09-30,JABLKÁ GOLDEN UKLADANÉ
2026-09-27,jablko,kaufland,1.39,1 kg,,Jablko červené
2026-09-27,jablko,kaufland,0.99,1 kg,2026-09-30,Jablko Gala
2026-09-27,jablko,lidl,0.99,1 kg,,Červené jablká Gala
2026-09-27,jablko,terno,1.39,1 kg,,Jablká červené voľné I.tr.
2026-09-27,jablko,tesco,2.49,2 kg,,"GH Jablká červené, balené 2 kg"
2026-09-27,jablko,tesco,0.85,1 kg,2026-09-29,Jablká červené voľné
2026-09-27,hladka-muka,billa,0.5,1 kg,,Clever múka Hladká špeciál 00 Extra
2026-09-27,hladka-muka,fresh,0.65,1 kg,,MÚKA HLADKÁ 00 EXTRA 1kg FRESH
2026-09-27,hladka-muka,fresh,0.45,1 kg,2026-12-31,MÚKA HLADKÁ 00 EXTRA 1kg FRESH
2026-09-27,hladka-muka,kaufland,0.45,1 kg,,Z lásky k tradícií Pšeničná múka hladká špecial 00 Extra 1 kg
2026-09-27,hladka-muka,lidl,0.45,1 kg,,"Belbake Pšeničná múka hladká, svetlá, extra 00"
2026-09-27,hladka-muka,terno,0.59,1 kg,,TERKA Pšeničná múka hladká 00 EXTRA 1kg
2026-09-27,hladka-muka,tesco,0.5,1 kg,,TS Múka hladká 1kg
2026-09-27,cukor,billa,0.89,1 kg,,Kryštálový cukor Biely
2026-09-27,cukor,billa,0.69,1 kg,2026-09-29,Kryštálový cukor Biely
2026-09-27,cukor,fresh,0.75,1 kg,,CUKOR KRYŠTÁL 1kg
2026-09-27,cukor,kaufland,0.89,1 kg,,Cukor biely kryštálový 1 kg
2026-09-27,cukor,lidl,0.75,1 kg,,Belbake Kryštálový cukor
2026-09-27,cukor,terno,1.25,1 kg,,HANÁCKY Cukor kryštál 1kg
2026-09-27,cukor,tesco,0.87,1 kg,,TS Kryštálový cukor 1kg
2026-09-27,cukor,tesco,0.75,1 kg,2026-09-29,TS Kryštálový cukor 1kg
2026-09-27,sosovica-hneda,billa,1.19,500 g,,Clever Šošovica veľkozrnná
2026-09-27,sosovica-hneda,fresh,1.29,500 g,,ŠOŠ. ZELENÁ VEĽKOZRNNÁ 500g FRESH
2026-09-27,sosovica-hneda,fresh,0.98,500 g,2026-12-31,ŠOŠ. ZELENÁ VEĽKOZRNNÁ 500g FRESH
2026-09-27,sosovica-hneda,kaufland,1.19,500 g,,K Classic Šošovica zelená veľkozrnná 500 g
2026-09-27,sosovica-hneda,lidl,0.99,500 g,,Campo Largo Šošovica zelená
2026-09-27,sosovica-hneda,tesco,1.19,500 g,,TESCO SOSOVICA 500 G
2026-09-27,ovsene-vlocky,billa,0.65,500 g,,"Clever ovsené vločky Celozrnné, jemné"
2026-09-27,ovsene-vlocky,fresh,1.05,500 g,,VLOČKY BIO OVSENÉ CELOZRNNÉ JEMNÉ 500g
2026-09-27,ovsene-vlocky,kaufland,0.65,500 g,,K Classic Ovsené vločky jemné 500g
2026-09-27,ovsene-vlocky,lidl,0.65,500 g,,Crownfield Ovsené vločky jemné
2026-09-27,ovsene-vlocky,terno,1.79,500 g,,EMCO Ovsené vločky jemné s vlákninou 500g
2026-09-27,ovsene-vlocky,tesco,0.65,500 g,,TESCO OV. VLOCKY JEMNE 500 G
2026-09-27,ovsene-vlocky-bezlepkove,billa,1.69,500 g,,Bonavita ovs.vločky Celé bez lepku
2026-09-27,ovsene-vlocky-bezlepkove,fresh,1.69,500 g,,VLOČKY OVSENÉ JEMNÉ BEZLEPKOVÉ 500g
2026-09-27,ovsene-vlocky-bezlepkove,kaufland,1.38,250 g,,Ovsené vločky výberové-bezgluténové 250 g
2026-09-27,ovsene-vlocky-bezlepkove,terno,1.89,350 g,,RAVITA Ovsené vločky bezglutenové hrubé 350g
2026-09-27,ovsene-vlocky-bezlepkove,tesco,2.39,500 g,,TFF Vlocky ovsene jemne bezglut. 500 g
2026-09-27,cestoviny,billa,0.55,500 g,,Clever kolienka stredné bezvaječné
2026-09-27,cestoviny,fresh,0.55,400 g,,CEST. KOLIENKA BEZVAJEČNÉ 400g FRESH
2026-09-27,cestoviny,fresh,0.44,400 g,2026-12-31,CEST. KOLIENKA BEZVAJEČNÉ 400g FRESH
2026-09-27,cestoviny,kaufland,0.44,500 g,,K Classic Kolienka bezvaječné 500 g
2026-09-27,cestoviny,lidl,0.44,500 g,,Tiradell Kolienka z mäkkej pšenice
2026-09-27,cestoviny,terno,0.79,400 g,,IDEÁL Kolienka veľké bezvaječné 400g
2026-09-27,cestoviny,tesco,1.09,1 kg,,Hearty Food Co. Spagety 1 kg
2026-09-27,cestoviny-bezlepkove,billa,1.79,500 g,,500g SAM MILLS kukuričné kolienka
2026-09-27,cestoviny-bezlepkove,fresh,1.99,300 g,,CEST. KOLIENKA RYŽ. 300g LUCKA BEZLEP.
2026-09-27,cestoviny-bezlepkove,kaufland,1.15,500 g,,Kfree Špagety bezlepkové 500 g
2026-09-27,cestoviny-bezlepkove,terno,2.89,400 g,,Panzani Gluten Free COQUILLETTES 400g
2026-09-27,cestoviny-bezlepkove,tesco,2.15,500 g,,TFF SPAGHETTI 500g
2026-09-27,olej,billa,1.49,1 l,,Clever olej Repkový
2026-09-27,olej,kaufland,1.79,1 l,,K Classic Repkový olej 1 l
2026-09-27,olej,lidl,1.49,1 l,,Bell Rastlinný olej repkový
2026-09-27,olej,terno,2.39,1 l,,GIANA olej repkový 1l
2026-09-27,olej,tesco,1.99,1 l,,TS REP.OLEJ 1l
2026-09-27,chlieb,billa,1.55,1 kg,,"CHLIEB PŠENIČNO-RAŽNÝ 1000g chlieb voľný, LZ TRADEMARK"
2026-09-27,chlieb,fresh,1.75,1 kg,,CHLIEB TMAVÝ 1kg ZEMIAK. PŠEN. RAŽ.
2026-09-27,chlieb,fresh,1.58,1 kg,2026-12-31,CHLIEB TMAVÝ 1kg ZEMIAK. PŠEN. RAŽ.
2026-09-27,chlieb,kaufland,1.59,1 kg,,"Chlieb konzumný 1000 g, VAMEX, a.s., Košice"
2026-09-27,chlieb,lidl,1.59,1 kg,,Chlieb konzumný bez E
2026-09-27,chlieb,terno,1.79,1 kg,,Chlieb pšenično-ražný 1000g PENAM
2026-09-27,chlieb,tesco,1.59,1 kg,,Chlieb pšenično - ražný konzumný 1kg
2026-09-27,chlieb-bezlepkovy,billa,3.15,320 g,,"CHLIEB ČIERNY CELOZRNNÝ 320g BEZGLUTÉNOVÝ, Novalim spol.s r.o."
2026-09-27,chlieb-bezlepkovy,fresh,1.69,300 g,,CHLIEB BOSNIAK BEZLEP. 300g
2026-09-27,chlieb-bezlepkovy,fresh,0.59,210 g,2027-01-04,CHLIEB BEZLEP. 210g
2026-09-27,chlieb-bezlepkovy,kaufland,2.49,350 g,,K free Bezgluténový kukurično-ryžový chlieb svetlý krájaný 350 g
2026-09-27,chlieb-bezlepkovy,lidl,1.75,250 g,,"Tastino Bezgluténový chlieb krájaný, biely"
2026-09-27,chlieb-bezlepkovy,tesco,1.55,250 g,,TS Free From bezgluten.chl. svetly 250 g
2026-09-27,sojove-mlieko,billa,1.59,1 l,,Billa Bio sojóvý nápoj natural
2026-09-27,sojove-mlieko,billa,1.39,1 l,2026-10-06,Billa Bio sojóvý nápoj natural
2026-09-27,sojove-mlieko,lidl,1.39,1 l,,Vemondo Bio Sójový nápoj
2026-09-27,sojove-mlieko,tesco,1.39,1 l,,TS Sójový nápoj sladeny 1 l
2026-09-27,sojovy-jogurt,fresh,2.89,400 g,,JOG. SÓJ. VÝROBOK 400g BIELY BEZ CUKRU ALPRO
2026-09-27,sojovy-jogurt,kaufland,1.68,500 g,,K Veggie Sojagurt natur 500 g
2026-09-27,rastlinna-smotana,billa,1.79,250 ml,,Rajo Vegan krém na varenie 15%
2026-09-30,zemiaky,billa,4.49,5 kg,,CLEVER zemiaky žlté neskoré konzumné prané typ B
2026-09-30,zemiaky,fresh,1.15,1 kg,,ZEMIAKY KONZ. NESKORÉ
2026-09-30,zemiaky,fresh,0.88,1 kg,2026-12-31,ZEMIAKY KONZ. NESKORÉ
2026-09-30,zemiaky,kaufland,0.89,1 kg,,Zemiaky konzumné varný typ B
2026-09-30,zemiaky,lidl,0.99,1 kg,,"Zemiaky ružové neskoré, voľné"
2026-09-30,zemiaky,terno,1.19,1 kg,,Zemiaky Colomba/Riviera konzumné skoré voľné
2026-09-30,zemiaky,tesco,1.15,1 kg,,Zemiaky volne konzumne neskore
2026-09-30,cibula,billa,0.99,500 g,,Cibuľa žltá
2026-09-30,cibula,fresh,0.75,1 kg,,CIBUĽA ŽLTÁ 1kg BALENÁ FRESH
2026-09-30,cibula,kaufland,4.29,5 kg,,ZLT Cibuľa žltá 5kg
2026-09-30,cibula,lidl,2.29,5 kg,,Cibuľa 5kg
2026-09-30,cibula,terno,0.99,1 kg,,Cibuľa žltá sieť 1kg
2026-09-30,cibula,tesco,0.89,1 kg,,Cibuľa voľná
2026-09-30,cibula-cervena,billa,1.49,1 kg,,Cibuľa červená
2026-09-30,cibula-cervena,fresh,1.35,1 kg,,CIBUĽA ČERVENÁ SUCHÁ
2026-09-30,cibula-cervena,kaufland,0.69,500 g,,ZLT Cibuľa červená 500g
2026-09-30,cibula-cervena,kaufland,0.55,500 g,2026-09-30,ZLT Cibuľa červená 500g
2026-09-30,cibula-cervena,lidl,0.69,500 g,,Červená cibuľa 500g
2026-09-30,cibula-cervena,terno,1.49,1 kg,,Cibuľa červená voľná
2026-09-30,cibula-cervena,tesco,1.39,1 kg,,Cibuľa červená voľná
2026-09-30,mrkva,billa,1.29,1 kg,,Karotka skorá praná
2026-09-30,mrkva,fresh,1.35,1 kg,,MRKVA VOĽNÁ
2026-09-30,mrkva,fresh,0.69,1 kg,2026-10-07,MRKVA VOĽNÁ
2026-09-30,mrkva,kaufland,1.29,1 kg,,Mrkva 1kg
2026-09-30,mrkva,lidl,1.89,3 kg,,Mrkva 3kg
2026-09-30,mrkva,terno,1.39,1 kg,,Mrkva voľná
2026-09-30,mrkva,tesco,1.29,1 kg,,Mrkva voľná
2026-09-30,petrzlen-koren,billa,2.99,1 kg,,Petržlen praný
2026-09-30,petrzlen-koren,fresh,2.65,1 kg,,PETRŽLEN VOĽNÝ
2026-09-30,petrzlen-koren,kaufland,2.69,1 kg,,Petržlen praný
2026-09-30,petrzlen-koren,lidl,2.69,1 kg,,Petržlen
2026-09-30,petrzlen-koren,terno,2.99,1 kg,,Petržlen voľný
2026-09-30,petrzlen-koren,tesco,2.69,1 kg,,Petrzlen volny
2026-09-30,citron,billa,2.69,1 kg,,Citróny I.trieda kvality
2026-09-30,citron,fresh,2.55,1 kg,,CITRÓNY
2026-09-30,citron,kaufland,2.99,1 kg,,Citróny
2026-09-30,citron,lidl,1.49,500 g,,Citróny 500g
2026-09-30,citron,terno,2.79,1 kg,,Citróny voľné Eureka/Lemons I.tr
2026-09-30,citron,tesco,2.99,1 kg,,"Citróny, voľné"
2026-09-30,banan,billa,1.59,1 kg,,Banány Bonvia
2026-09-30,banan,fresh,1.59,1 kg,,BANÁNY
2026-09-30,banan,kaufland,1.59,1 kg,,Banány
2026-09-30,banan,kaufland,1.19,1 kg,2026-09-30,Banány
2026-09-30,banan,lidl,1.59,1 kg,,Banány
2026-09-30,banan,terno,1.59,1 kg,,Banány voľné I.tr.
2026-09-30,banan,tesco,1.59,1 kg,,Banány voľné
2026-09-30,jablko,billa,2.49,2 kg,,"CLEVER jablká červené,odroda uvedená na etikete"
2026-09-30,jablko,billa,0.99,1 kg,2026-10-06,Jablká červené ukladané
2026-09-30,jablko,fresh,1.35,1 kg,,JABLKÁ ČERVENÉ
2026-09-30,jablko,fresh,1.19,1 kg,2026-09-30,JABLKÁ GOLDEN UKLADANÉ
2026-09-30,jablko,kaufland,1.39,1 kg,,Jablko červené
2026-09-30,jablko,kaufland,0.99,1 kg,2026-09-30,Jablko Gala
2026-09-30,jablko,lidl,1.39,1 kg,,Červené jablká sypané
2026-09-30,jablko,terno,1.39,1 kg,,Jablká červené voľné I.tr.
2026-09-30,jablko,tesco,2.49,2 kg,,"GH Jablká červené, balené 2 kg"
2026-09-30,hladka-muka,billa,0.5,1 kg,,Clever múka Hladká špeciál 00 Extra
2026-09-30,hladka-muka,fresh,0.65,1 kg,,MÚKA HLADKÁ 00 EXTRA 1kg FRESH
2026-09-30,hladka-muka,fresh,0.45,1 kg,2026-12-31,MÚKA HLADKÁ 00 EXTRA 1kg FRESH
2026-09-30,hladka-muka,kaufland,0.45,1 kg,,Z lásky k tradícií Pšeničná múka hladká špecial 00 Extra 1 kg
2026-09-30,hladka-muka,lidl,0.45,1 kg,,Mlyn Pohronský Ruskov Pšeničná múka hladká
2026-09-30,hladka-muka,terno,0.59,1 kg,,TERKA Pšeničná múka hladká 00 EXTRA 1kg
2026-09-30,hladka-muka,tesco,0.5,1 kg,,TS Múka hladká 1kg
2026-09-30,cukor,billa,0.89,1 kg,,Kryštálový cukor Biely
2026-09-30,cukor,fresh,0.75,1 kg,,CUKOR KRYŠTÁL 1kg
2026-09-30,cukor,kaufland,0.89,1 kg,,Cukor biely kryštálový 1 kg
2026-09-30,cukor,lidl,0.75,1 kg,,Belbake Kryštálový cukor
2026-09-30,cukor,terno,1.25,1 kg,,HANÁCKY Cukor kryštál 1kg
2026-09-30,cukor,tesco,0.87,1 kg,,TS Kryštálový cukor 1kg
2026-09-30,sosovica-hneda,billa,1.19,500 g,,Clever Šošovica veľkozrnná
2026-09-30,sosovica-hneda,fresh,1.29,500 g,,ŠOŠ. ZELENÁ VEĽKOZRNNÁ 500g FRESH
2026-09-30,sosovica-hneda,fresh,0.98,500 g,2026-12-31,ŠOŠ. ZELENÁ VEĽKOZRNNÁ 500g FRESH
2026-09-30,sosovica-hneda,kaufland,1.19,500 g,,K Classic Šošovica zelená veľkozrnná 500 g
2026-09-30,sosovica-hneda,lidl,0.99,500 g,,Campo Largo Šošovica zelená
2026-09-30,sosovica-hneda,tesco,1.19,500 g,,TESCO SOSOVICA 500 G
2026-09-30,ovsene-vlocky,billa,0.65,500 g,,"Clever ovsené vločky Celozrnné, jemné"
2026-09-30,ovsene-vlocky,fresh,1.05,500 g,,VLOČKY BIO OVSENÉ CELOZRNNÉ JEMNÉ 500g
2026-09-30,ovsene-vlocky,kaufland,0.65,500 g,,K Classic Ovsené vločky jemné 500g
2026-09-30,ovsene-vlocky,lidl,0.65,500 g,,Crownfield Ovsené vločky jemné
2026-09-30,ovsene-vlocky,terno,1.79,500 g,,EMCO Ovsené vločky jemné s vlákninou 500g
2026-09-30,ovsene-vlocky,tesco,0.65,500 g,,TESCO OV. VLOCKY JEMNE 500 G
2026-09-30,ovsene-vlocky-bezlepkove,billa,1.69,500 g,,Bonavita ovs.vločky Celé bez lepku
2026-09-30,ovsene-vlocky-bezlepkove,fresh,1.69,500 g,,VLOČKY OVSENÉ JEMNÉ BEZLEPKOVÉ 500g
2026-09-30,ovsene-vlocky-bezlepkove,kaufland,1.38,250 g,,Ovsené vločky jemné bezgluténové 250 g
2026-09-30,ovsene-vlocky-bezlepkove,terno,1.89,350 g,,RAVITA Ovsené vločky bezglutenové hrubé 350g
2026-09-30,ovsene-vlocky-bezlepkove,tesco,2.39,500 g,,TFF Vlocky ovsene jemne bezglut. 500 g
2026-09-30,cestoviny,billa,0.55,500 g,,Clever kolienka stredné bezvaječné
2026-09-30,cestoviny,fresh,0.55,400 g,,CEST. KOLIENKA BEZVAJEČNÉ 400g FRESH
2026-09-30,cestoviny,fresh,0.44,400 g,2026-12-31,CEST. KOLIENKA BEZVAJEČNÉ 400g FRESH
2026-09-30,cestoviny,kaufland,0.44,500 g,,K Classic Kolienka bezvaječné 500 g
2026-09-30,cestoviny,lidl,0.44,500 g,,Tiradell Kolienka z mäkkej pšenice
2026-09-30,cestoviny,terno,0.79,400 g,,IDEÁL Kolienka veľké bezvaječné 400g
2026-09-30,cestoviny,tesco,1.09,1 kg,,Hearty Food Co. Spagety 1 kg
2026-09-30,cestoviny-bezlepkove,billa,1.79,500 g,,500g SAM MILLS kukuričné kolienka
2026-09-30,cestoviny-bezlepkove,fresh,1.99,300 g,,CEST. KOLIENKA RYŽ. 300g LUCKA BEZLEP.
2026-09-30,cestoviny-bezlepkove,kaufland,1.15,500 g,,Kfree Špagety bezlepkové 500 g
2026-09-30,cestoviny-bezlepkove,terno,2.89,400 g,,Panzani Gluten Free SPAGHETTI 400g
2026-09-30,cestoviny-bezlepkove,tesco,2.15,500 g,,TFF SPAGHETTI 500g
2026-09-30,olej,billa,1.49,1 l,,Clever olej Repkový
2026-09-30,olej,fresh,1.99,1 l,,OLEJ SLNEČNICOVÝ 1l 100% FRESH
2026-09-30,olej,fresh,1.78,1 l,2026-12-31,OLEJ SLNEČNICOVÝ 1l 100% FRESH
2026-09-30,olej,kaufland,1.79,1 l,,K Classic Repkový olej 1 l
2026-09-30,olej,lidl,1.49,1 l,,Vita D'or Repkový olej
2026-09-30,olej,terno,2.39,1 l,,GIANA olej repkový 1l
2026-09-30,olej,tesco,1.79,1 l,,TS SLNECNICOVY OLEJ 1 l
2026-09-30,chlieb,billa,1.55,1 kg,,"CHLIEB PŠENIČNO-RAŽNÝ 1000g chlieb voľný, LZ TRADEMARK"
2026-09-30,chlieb,fresh,1.75,1 kg,,CHLIEB TMAVÝ 1kg ZEMIAK. PŠEN. RAŽ.
2026-09-30,chlieb,fresh,1.58,1 kg,2026-12-31,CHLIEB TMAVÝ 1kg ZEMIAK. PŠEN. RAŽ.
2026-09-30,chlieb,kaufland,1.59,1 kg,,"Chlieb konzumný 1000 g, Jozef Oremus PEKÁREŇ BÁNOV"
2026-09-30,chlieb,lidl,1.59,1 kg,,Chlieb konzumný bez E
2026-09-30,chlieb,terno,1.79,1 kg,,Chlieb biely 1000g NELAPEK
2026-09-30,chlieb,tesco,1.59,1 kg,,Chlieb pšenično - ražný konzumný 1kg
2026-09-30,chlieb-bezlepkovy,billa,3.15,320 g,,"CHLIEB ČIERNY CELOZRNNÝ 320g BEZGLUTÉNOVÝ, Novalim spol.s r.o."
2026-09-30,chlieb-bezlepkovy,fresh,1.69,300 g,,CHLIEB BOSNIAK BEZLEP. 300g
2026-09-30,chlieb-bezlepkovy,fresh,0.59,210 g,2027-01-07,CHLIEB BEZLEP. 210g
2026-09-30,chlieb-bezlepkovy,kaufland,2.49,350 g,,K free Bezgluténový kukurično-ryžový chlieb svetlý krájaný 350 g
2026-09-30,chlieb-bezlepkovy,lidl,1.75,250 g,,"Tastino Bezgluténový chlieb krájaný, viaczrnný"
2026-09-30,chlieb-bezlepkovy,tesco,1.55,250 g,,TS Free From bezgluten.chl. svetly 250 g
2026-09-30,sojove-mlieko,billa,1.59,1 l,,Billa Bio sojóvý nápoj natural
2026-09-30,sojove-mlieko,billa,1.39,1 l,2026-10-06,Billa Bio sojóvý nápoj natural
2026-09-30,sojove-mlieko,fresh,3.19,1 l,,NÁPOJ SÓJ. ORIGINAL 1l ALPRO
2026-09-30,sojove-mlieko,lidl,1.39,1 l,,Vemondo Bio Sójový nápoj
2026-09-30,sojove-mlieko,tesco,1.39,1 l,,TS Sójový nápoj sladeny 1 l
2026-09-30,sojovy-jogurt,fresh,2.89,400 g,,JOG. SÓJ. VÝROBOK 400g BIELY BEZ CUKRU ALPRO
2026-09-30,sojovy-jogurt,kaufland,1.68,500 g,,K Veggie Sojagurt natur 500 g
2026-09-30,rastlinna-smotana,billa,1.79,250 ml,,Rajo Vegan krém na varenie 15%
2026-10-06,zemiaky,billa,4.49,5 kg,,CLEVER zemiaky žlté neskoré konzumné prané typ B
2026-10-06,zemiaky,fresh,1.15,1 kg,,ZEMIAKY KONZ. NESKORÉ
2026-10-06,zemiaky,fresh,0.88,1 kg,2026-12-31,ZEMIAKY KONZ. NESKORÉ
2026-10-06,zemiaky,kaufland,0.89,1 kg,,Zemiaky konzumné varný typ B
2026-10-06,zemiaky,lidl,0.99,1 kg,,"Zemiaky ružové neskoré, voľné"
2026-10-06,zemiaky,terno,1.19,1 kg,,Zemiaky Georgina/Colomba konz. nesk. voľné
2026-10-06,zemiaky,tesco,0.99,1 kg,,Zemiaky volne konzumne neskore
2026-10-06,cibula,billa,0.79,1 kg,,CLEVER cibuľa
2026-10-06,cibula,fresh,0.85,1 kg,,CIBUĽA VOĽNÁ
2026-10-06,cibula,kaufland,4.29,5 kg,,ZLT Cibuľa žltá 5kg
2026-10-06,cibula,kaufland,0.55,1 kg,2026-10-07,ZLT Cibuľa žltá 1kg
2026-10-06,cibula,lidl,2.49,5 kg,,Cibuľa 5kg
2026-10-06,cibula,terno,0.99,1 kg,,Cibuľa žltá voľná
2026-10-06,cibula,tesco,0.89,1 kg,,Cibuľa voľná
2026-10-06,cibula,tesco,0.54,1 kg,2026-10-06,Cibuľa voľná
2026-10-06,cibula-cervena,billa,0.79,500 g,,CHUTE SLOVENSKA Cibuľa červená
2026-10-06,cibula-cervena,fresh,1.35,1 kg,,CIBUĽA ČERVENÁ SUCHÁ
2026-10-06,cibula-cervena,kaufland,1.49,1 kg,,Cibuľa červená
2026-10-06,cibula-cervena,lidl,0.69,500 g,,Červená cibuľa 500g
2026-10-06,cibula-cervena,terno,1.49,1 kg,,Cibuľa červená voľná
2026-10-06,cibula-cervena,tesco,1.39,1 kg,,Cibuľa červená voľná
2026-10-06,mrkva,billa,1.29,1 kg,,Karotka skorá praná
2026-10-06,mrkva,fresh,1.35,1 kg,,MRKVA VOĽNÁ
2026-10-06,mrkva,fresh,0.69,1 kg,2026-10-07,MRKVA VOĽNÁ
2026-10-06,mrkva,kaufland,1.29,1 kg,,Mrkva 1kg
2026-10-06,mrkva,lidl,2.49,2 kg,,Mrkva 2kg
2026-10-06,mrkva,lidl,1.49,2 kg,2026-10-11,Mrkva 2kg
2026-10-06,mrkva,terno,1.29,1 kg,,Mrkva voľná
2026-10-06,mrkva,tesco,1.29,1 kg,,EX Mrkva voľná
2026-10-06,petrzlen-koren,billa,2.99,1 kg,,Petržlen praný
2026-10-06,petrzlen-koren,fresh,2.65,1 kg,,PETRŽLEN VOĽNÝ
2026-10-06,petrzlen-koren,kaufland,2.69,1 kg,,Petržlen praný
2026-10-06,petrzlen-koren,lidl,2.69,1 kg,,Petržlen
2026-10-06,petrzlen-koren,terno,2.99,1 kg,,Petržlen voľný
2026-10-06,petrzlen-koren,tesco,2.69,1 kg,,Petrzlen volny
2026-10-06,citron,billa,2.69,1 kg,,Citróny I.trieda kvality
2026-10-06,citron,fresh,2.55,1 kg,,CITRÓNY
2026-10-06,citron,fresh,1.85,1 kg,2026-10-07,CITRÓNY
2026-10-06,citron,kaufland,1.49,500 g,,Citróny 500g
2026-10-06,citron,kaufland,0.99,500 g,2026-10-07,Citróny 500g
2026-10-06,citron,lidl,1.69,750 g,,Citróny 750g
2026-10-06,citron,terno,2.79,1 kg,,Citróny voľné Eureka/Mayer I.tr
2026-10-06,citron,tesco,2.99,1 kg,,"Citróny, voľné"
2026-10-06,banan,billa,1.59,1 kg,,Banány Bonvia
2026-10-06,banan,fresh,1.59,1 kg,,BANÁNY
2026-10-06,banan,kaufland,1.59,1 kg,,Banány
2026-10-06,banan,lidl,1.59,1 kg,,Banány
2026-10-06,banan,terno,1.59,1 kg,,Banány voľné
2026-10-06,banan,tesco,1.59,1 kg,,Banány voľné
2026-10-06,jablko,billa,2.49,2 kg,,"CLEVER jablká červené,odroda uvedená na etikete"
2026-10-06,jablko,billa,0.99,1 kg,2026-10-06,Jablká červené ukladané
2026-10-06,jablko,fresh,1.25,1 kg,,JABLKÁ ČERVENÉ
2026-10-06,jablko,kaufland,1.39,1 kg,,Jablko červené
2026-10-06,jablko,kaufland,0.79,1 kg,2026-10-07,Jablko Golden Delicious
2026-10-06,jablko,lidl,1.39,1 kg,,Červené jablká sypané
2026-10-06,jablko,terno,1.39,1 kg,,Jablká červené voľné I.tr.
2026-10-06,jablko,tesco,2.49,2 kg,,"GH Jablká červené, balené 2 kg"
2026-10-06,jablko,tesco,0.99,1 kg,2026-10-06,Jablká Golden Delicious ukladané
2026-10-06,hladka-muka,billa,0.5,1 kg,,Clever múka Hladká špeciál 00 Extra
2026-10-06,hladka-muka,fresh,0.65,1 kg,,MÚKA HLADKÁ 00 EXTRA 1kg FRESH
2026-10-06,hladka-muka,fresh,0.45,1 kg,2026-12-31,MÚKA HLADKÁ 00 EXTRA 1kg FRESH
2026-10-06,hladka-muka,kaufland,0.45,1 kg,,Z lásky k tradícií Pšeničná múka hladká špecial 00 Extra 1 kg
2026-10-06,hladka-muka,lidl,0.45,1 kg,,Mlyn Pohronský Ruskov Pšeničná múka hladká
2026-10-06,hladka-muka,terno,0.59,1 kg,,TERKA Pšeničná múka hladká 00 EXTRA 1kg
2026-10-06,hladka-muka,tesco,0.5,1 kg,,TS Múka hladká 1kg
2026-10-06,hladka-muka,tesco,0.45,1 kg,2026-10-06,MPR Múka hladká T 650 1 KG
2026-10-06,cukor,billa,0.89,1 kg,,Kryštálový cukor Biely
2026-10-06,cukor,kaufland,0.75,1 kg,,Cukor kryštálový biely 1 kg
2026-10-06,cukor,kaufland,0.67,1 kg,2026-10-07,Cukor kryštálový biely 1 kg
2026-10-06,cukor,lidl,0.75,1 kg,,Belbake Kryštálový cukor
2026-10-06,cukor,terno,1.25,1 kg,,HANÁCKY Cukor kryštál 1kg
2026-10-06,cukor,tesco,0.87,1 kg,,TS Kryštálový cukor 1kg
2026-10-06,sosovica-hneda,billa,1.19,500 g,,Clever Šošovica veľkozrnná
2026-10-06,sosovica-hneda,fresh,1.29,500 g,,ŠOŠ. ZELENÁ VEĽKOZRNNÁ 500g FRESH
2026-10-06,sosovica-hneda,fresh,0.98,500 g,2026-12-31,ŠOŠ. ZELENÁ VEĽKOZRNNÁ 500g FRESH
2026-10-06,sosovica-hneda,kaufland,1.19,500 g,,K Classic Šošovica zelená veľkozrnná 500 g
2026-10-06,sosovica-hneda,lidl,0.99,500 g,,Campo Largo Šošovica zelená
2026-10-06,sosovica-hneda,tesco,1.19,500 g,,TESCO SOSOVICA 500 G
2026-10-06,ovsene-vlocky,billa,0.65,500 g,,"Clever ovsené vločky Celozrnné, jemné"
2026-10-06,ovsene-vlocky,fresh,1.05,500 g,,VLOČKY BIO OVSENÉ CELOZRNNÉ JEMNÉ 500g
2026-10-06,ovsene-vlocky,kaufland,0.65,500 g,,K Classic Ovsené vločky jemné 500g
2026-10-06,ovsene-vlocky,lidl,0.65,500 g,,Crownfield Ovsené vločky jemné
2026-10-06,ovsene-vlocky,terno,1.79,500 g,,EMCO Ovsené vločky jemné s vlákninou 500g
2026-10-06,ovsene-vlocky,tesco,0.65,500 g,,TESCO OV. VLOCKY JEMNE 500 G
2026-10-06,ovsene-vlocky-bezlepkove,billa,1.69,500 g,,Bonavita ovs.vločky Celé bez lepku
2026-10-06,ovsene-vlocky-bezlepkove,fresh,1.69,500 g,,VLOČKY OVSENÉ JEMNÉ BEZLEPKOVÉ 500g
2026-10-06,ovsene-vlocky-bezlepkove,kaufland,1.38,250 g,,Ovsené vločky jemné bezgluténové 250 g
2026-10-06,ovsene-vlocky-bezlepkove,terno,1.89,350 g,,RAVITA Ovsené vločky bezglutenové hrubé 350g
2026-10-06,ovsene-vlocky-bezlepkove,tesco,2.39,500 g,,TFF Vlocky ovsene jemne bezglut. 500 g
2026-10-06,cestoviny,billa,0.55,500 g,,Clever kolienka stredné bezvaječné
2026-10-06,cestoviny,fresh,0.55,400 g,,CEST. KOLIENKA BEZVAJEČNÉ 400g FRESH
2026-10-06,cestoviny,fresh,0.39,400 g,2026-10-07,CEST. KOLIENKA BEZVAJEČNÉ 400g FRESH
2026-10-06,cestoviny,kaufland,0.55,500 g,,K Classic Kolienka bezvaječné 500 g
2026-10-06,cestoviny,lidl,0.44,500 g,,Tiradell Kolienka z mäkkej pšenice
2026-10-06,cestoviny,terno,0.79,400 g,,IDEÁL Kolienka veľké bezvaječné 400g
2026-10-06,cestoviny,tesco,1.09,1 kg,,Hearty Food Co. Spagety 1 kg
2026-10-06,cestoviny-bezlepkove,billa,1.79,500 g,,500g SAM MILLS kukuričné kolienka
2026-10-06,cestoviny-bezlepkove,fresh,1.99,300 g,,CEST. KOLIENKA RYŽ. 300g LUCKA BEZLEP.
2026-10-06,cestoviny-bezlepkove,kaufland,1.15,500 g,,Kfree Špagety bezlepkové 500 g
2026-10-06,cestoviny-bezlepkove,terno,2.89,400 g,,Panzani Gluten Free SPAGHETTI 400g
2026-10-06,cestoviny-bezlepkove,tesco,2.15,500 g,,TFF SPAGHETTI 500g
2026-10-06,olej,billa,1.49,1 l,,Clever olej Repkový
2026-10-06,olej,fresh,1.99,1 l,,OLEJ SLNEČNICOVÝ 1l 100% FRESH
2026-10-06,olej,fresh,1.78,1 l,2026-12-31,OLEJ SLNEČNICOVÝ 1l 100% FRESH
2026-10-06,olej,kaufland,1.99,1 l,,K Classic Repkový olej 1 l
2026-10-06,olej,lidl,1.49,1 l,,Bell Rastlinný olej repkový
2026-10-06,olej,terno,2.39,1 l,,Olej Slnečnicový BELL 1l
2026-10-06,olej,tesco,1.79,1 l,,TS SLNECNICOVY OLEJ 1 l
2026-10-06,olej,tesco,1.59,1 l,2026-10-06,TS SLNECNICOVY OLEJ 1 l
2026-10-06,chlieb,billa,1.55,1 kg,,"CHLIEB PŠENIČNO-RAŽNÝ 1000g chlieb voľný, LZ TRADEMARK"
2026-10-06,chlieb,fresh,1.75,1 kg,,CHLIEB SVETLÝ PŠEN. 1kg
2026-10-06,chlieb,fresh,1.54,1 kg,2026-10-31,CHLIEB SVETLÝ PŠEN. 1kg
2026-10-06,chlieb,kaufland,1.59,1 kg,,"Chlieb konzumný 1000 g, Senické a skalické pekárne, a.s."
2026-10-06,chlieb,lidl,1.59,1 kg,,Chlieb konzumný bez E
2026-10-06,chlieb,terno,1.79,1 kg,,Chlieb biely 1000g NELAPEK
2026-10-06,chlieb,tesco,1.59,1 kg,,Chlieb pšenično - ražný konzumný 1kg
2026-10-06,chlieb-bezlepkovy,billa,3.15,320 g,,"CHLIEB ČIERNY CELOZRNNÝ 320g BEZGLUTÉNOVÝ, Novalim spol.s r.o."
2026-10-06,chlieb-bezlepkovy,fresh,1.69,300 g,,CHLIEB BOSNIAK BEZLEP. 300g
2026-10-06,chlieb-bezlepkovy,fresh,0.59,210 g,2027-01-13,CHLIEB BEZLEP. 210g
2026-10-06,chlieb-bezlepkovy,kaufland,2.49,350 g,,K free Bezgluténový kukurično-ryžový chlieb svetlý krájaný 350 g
2026-10-06,chlieb-bezlepkovy,lidl,1.75,250 g,,"Tastino Bezgluténový chlieb krájaný, viaczrnný"
2026-10-06,chlieb-bezlepkovy,tesco,1.55,250 g,,TS Free From bezgluten.chl. svetly 250 g
2026-10-06,sojove-mlieko,billa,1.59,1 l,,Billa Bio sojóvý nápoj natural
2026-10-06,sojove-mlieko,billa,1.39,1 l,2026-10-06,Billa Bio sojóvý nápoj natural
2026-10-06,sojove-mlieko,lidl,1.39,1 l,,Vemondo Bio Sójový nápoj
2026-10-06,sojove-mlieko,tesco,1.39,1 l,,TS Sójový nápoj sladeny 1 l
2026-10-06,sojovy-jogurt,fresh,2.89,400 g,,JOG. SÓJ. VÝROBOK 400g BIELY BEZ CUKRU ALPRO
2026-10-06,sojovy-jogurt,kaufland,1.68,500 g,,K Veggie Sojagurt natur 500 g
2026-10-06,rastlinna-smotana,billa,1.79,250 ml,,Rajo Vegan krém na varenie 15%
2026-10-06,rastlinna-smotana,billa,1.69,250 ml,2026-10-06,Alpro ryžová smotana na varenie
2026-10-08,zemiaky,billa,4.49,5 kg,,CLEVER zemiaky žlté neskoré konzumné prané typ B
2026-10-08,zemiaky,fresh,1.15,1 kg,,ZEMIAKY KONZ. NESKORÉ
2026-10-08,zemiaky,fresh,0.88,1 kg,2026-12-31,ZEMIAKY KONZ. NESKORÉ
2026-10-08,zemiaky,kaufland,0.89,1 kg,,Zemiaky konzumné varný typ B
2026-10-08,zemiaky,kaufland,0.59,1 kg,2026-10-14,Zemiaky konzumné varný typ B
2026-10-08,zemiaky,lidl,0.99,1 kg,,Zemiaky konzumné neskoré B
2026-10-08,zemiaky,terno,1.19,1 kg,,Zemiaky Colomba/Riviera konzumné skoré voľné
2026-10-08,zemiaky,tesco,0.99,1 kg,,Zemiaky volne konzumne neskore
2026-10-08,cibula,billa,0.79,1 kg,,CLEVER cibuľa
2026-10-08,cibula,fresh,0.85,1 kg,,CIBUĽA VOĽNÁ
2026-10-08,cibula,kaufland,4.29,5 kg,,ZLT Cibuľa žltá 5kg
2026-10-08,cibula,lidl,2.49,5 kg,,Cibuľa 5kg
2026-10-08,cibula,terno,0.99,1 kg,,Cibuľa žltá voľná
2026-10-08,cibula,tesco,0.89,1 kg,,Cibuľa voľná
2026-10-08,cibula-cervena,billa,0.79,500 g,,CHUTE SLOVENSKA Cibuľa červená
2026-10-08,cibula-cervena,fresh,1.35,1 kg,,CIBUĽA ČERVENÁ SUCHÁ
2026-10-08,cibula-cervena,fresh,0.95,1 kg,2026-10-21,CIBUĽA ČERVENÁ SUCHÁ
2026-10-08,cibula-cervena,kaufland,1.49,1 kg,,Cibuľa červená
2026-10-08,cibula-cervena,lidl,0.69,500 g,,Červená cibuľa 500g
2026-10-08,cibula-cervena,terno,1.49,1 kg,,Cibuľa červená voľná
2026-10-08,cibula-cervena,tesco,1.39,1 kg,,Cibuľa červená voľná
2026-10-08,cibula-cervena,tesco,0.99,1 kg,2026-10-13,Cibuľa červená voľná
2026-10-08,mrkva,billa,1.29,1 kg,,CLEVER Mrkva
2026-10-08,mrkva,fresh,1.35,1 kg,,MRKVA VOĽNÁ
2026-10-08,mrkva,kaufland,1.29,1 kg,,Mrkva 1kg
2026-10-08,mrkva,kaufland,0.89,1 kg,2026-10-14,Mrkva 1kg
2026-10-08,mrkva,lidl,2.49,2 kg,,Mrkva 2kg
2026-10-08,mrkva,lidl,1.49,2 kg,2026-10-11,Mrkva 2kg
2026-10-08,mrkva,terno,1.29,1 kg,,Mrkva voľná
2026-10-08,mrkva,tesco,1.29,1 kg,,Mrkva voľná
2026-10-08,mrkva,tesco,0.79,1 kg,2026-10-13,EX Tesco mrkva balená 1 kg
2026-10-08,petrzlen-koren,billa,2.99,1 kg,,CHUTE SLOVENSKA Petržlen praný
2026-10-08,petrzlen-koren,fresh,2.65,1 kg,,PETRŽLEN VOĽNÝ
2026-10-08,petrzlen-koren,kaufland,2.69,1 kg,,Petržlen praný
2026-10-08,petrzlen-koren,kaufland,1.79,1 kg,2026-10-14,Petržlen praný
2026-10-08,petrzlen-koren,lidl,2.69,1 kg,,Petržlen
2026-10-08,petrzlen-koren,terno,2.99,1 kg,,Petržlen voľný
2026-10-08,petrzlen-koren,tesco,2.69,1 kg,,Petrzlen volny
2026-10-08,citron,billa,0.89,500 g,,CLEVER citróny odroda uvedená na etikete
2026-10-08,citron,fresh,2.55,1 kg,,CITRÓNY
2026-10-08,citron,kaufland,1.49,500 g,,Citróny 500g
2026-10-08,citron,lidl,1.29,500 g,,Citróny 500g
2026-10-08,citron,terno,2.79,1 kg,,Citróny voľné Eureka/Mayer I.tr
2026-10-08,citron,tesco,2.99,1 kg,,"Citróny, voľné"
2026-10-08,citron,tesco,0.79,500 g,2026-10-13,Tesco citróny 500 g
2026-10-08,banan,billa,1.59,1 kg,,Banány Bonvia
2026-10-08,banan,fresh,1.59,1 kg,,BANÁNY
2026-10-08,banan,kaufland,1.59,1 kg,,Banány
2026-10-08,banan,kaufland,1.29,1 kg,2026-10-14,Banány
2026-10-08,banan,lidl,1.59,1 kg,,Banány
2026-10-08,banan,terno,1.59,1 kg,,Banány voľné
2026-10-08,banan,tesco,1.59,1 kg,,Banány voľné
2026-10-08,banan,tesco,1.19,1 kg,2026-10-13,Banány voľné
2026-10-08,jablko,billa,2.49,2 kg,,"CLEVER jablká červené,odroda uvedená na etikete"
2026-10-08,jablko,billa,0.65,1 kg,2026-10-13,Jablká červené
2026-10-08,jablko,fresh,1.25,1 kg,,JABLKÁ ČERVENÉ
2026-10-08,jablko,fresh,0.75,1 kg,2026-10-14,JABLKÁ ČERVENÉ
2026-10-08,jablko,kaufland,0.79,1 kg,,Jablko Golden Delicious
2026-10-08,jablko,kaufland,0.65,1 kg,2026-10-14,Jablko červené
2026-10-08,jablko,lidl,1.39,1 kg,,Červené jablká sypané
2026-10-08,jablko,terno,1.39,1 kg,,Jablká červené voľné II.tr.
2026-10-08,jablko,tesco,2.49,2 kg,,"GH Jablká červené, balené 2 kg"
2026-10-08,jablko,tesco,0.99,1 kg,2026-10-13,Jablká Gala ukladané
2026-10-08,hladka-muka,billa,0.5,1 kg,,Clever múka Hladká špeciál 00 Extra
2026-10-08,hladka-muka,fresh,0.65,1 kg,,MÚKA HLADKÁ T650 1kg FRESH
2026-10-08,hladka-muka,fresh,0.45,1 kg,2026-12-31,MÚKA HLADKÁ T650 1kg FRESH
2026-10-08,hladka-muka,kaufland,0.45,1 kg,,Z lásky k tradícií Pšeničná múka hladká špecial 00 Extra 1 kg
2026-10-08,hladka-muka,lidl,0.45,1 kg,,"Belbake Pšeničná múka hladká, svetlá, extra 00"
2026-10-08,hladka-muka,terno,0.59,1 kg,,TERKA Pšeničná múka hladká 00 EXTRA 1kg
2026-10-08,hladka-muka,tesco,0.5,1 kg,,TS Múka hladká 1kg
2026-10-08,cukor,billa,0.89,1 kg,,Kryštálový cukor Biely
2026-10-08,cukor,kaufland,0.67,1 kg,,Cukor kryštálový biely 1 kg
2026-10-08,cukor,lidl,0.79,1 kg,,Belbake Kryštálový cukor
2026-10-08,cukor,terno,1.25,1 kg,,HANÁCKY Cukor kryštál 1kg
2026-10-08,cukor,tesco,0.87,1 kg,,TS Kryštálový cukor 1kg
2026-10-08,sosovica-hneda,billa,1.19,500 g,,Clever Šošovica veľkozrnná
2026-10-08,sosovica-hneda,fresh,1.29,500 g,,ŠOŠ. ZELENÁ VEĽKOZRNNÁ 500g FRESH
2026-10-08,sosovica-hneda,fresh,0.98,500 g,2026-12-31,ŠOŠ. ZELENÁ VEĽKOZRNNÁ 500g FRESH
2026-10-08,sosovica-hneda,kaufland,1.19,500 g,,K Classic Šošovica zelená veľkozrnná 500 g
2026-10-08,sosovica-hneda,lidl,0.99,500 g,,Campo Largo Šošovica zelená
2026-10-08,sosovica-hneda,tesco,1.19,500 g,,TESCO SOSOVICA 500 G
2026-10-08,ovsene-vlocky,billa,0.65,500 g,,"Clever ovsené vločky Celozrnné, jemné"
2026-10-08,ovsene-vlocky,fresh,1.05,500 g,,VLOČKY BIO OVSENÉ CELOZRNNÉ JEMNÉ 500g
2026-10-08,ovsene-vlocky,kaufland,0.65,500 g,,K Classic Ovsené vločky jemné 500g
2026-10-08,ovsene-vlocky,lidl,0.65,500 g,,Crownfield Ovsené vločky jemné
2026-10-08,ovsene-vlocky,terno,1.79,500 g,,EMCO Ovsené vločky jemné s vlákninou 500g
2026-10-08,ovsene-vlocky,tesco,0.65,500 g,,TESCO OV. VLOCKY JEMNE 500 G
2026-10-08,ovsene-vlocky-bezlepkove,billa,1.69,500 g,,Bonavita ovs.vločky Celé bez lepku
2026-10-08,ovsene-vlocky-bezlepkove,fresh,1.69,500 g,,VLOČKY OVSENÉ JEMNÉ BEZLEPKOVÉ 500g
2026-10-08,ovsene-vlocky-bezlepkove,kaufland,1.38,250 g,,Ovsené vločky jemné bezgluténové 250 g
2026-10-08,ovsene-vlocky-bezlepkove,terno,1.89,350 g,,RAVITA Ovsené vločky bezglutenové hrubé 350g
2026-10-08,ovsene-vlocky-bezlepkove,tesco,2.39,500 g,,TFF Vlocky ovsene jemne bezglut. 500 g
2026-10-08,cestoviny,billa,0.55,500 g,,Clever kolienka stredné bezvaječné
2026-10-08,cestoviny,fresh,0.55,400 g,,CEST KOL SEKANÉ 400g BEZVAJEČNÉ FRESH
2026-10-08,cestoviny,fresh,0.44,400 g,2026-12-31,CEST KOL SEKANÉ 400g BEZVAJEČNÉ FRESH
2026-10-08,cestoviny,kaufland,0.55,500 g,,K Classic Kolienka bezvaječné 500 g
2026-10-08,cestoviny,lidl,0.44,500 g,,Tiradell Kolienka z mäkkej pšenice
2026-10-08,cestoviny,terno,0.79,400 g,,IDEÁL Kolienka veľké bezvaječné 400g
2026-10-08,cestoviny,tesco,1.09,1 kg,,Hearty Food Co. Spagety 1 kg
2026-10-08,cestoviny-bezlepkove,billa,1.79,500 g,,500g SAM MILLS kukuričné kolienka
2026-10-08,cestoviny-bezlepkove,fresh,1.99,300 g,,CEST. KOLIENKA RYŽ. 300g LUCKA BEZLEP.
2026-10-08,cestoviny-bezlepkove,kaufland,1.15,500 g,,Kfree Špagety bezlepkové 500 g
2026-10-08,cestoviny-bezlepkove,terno,2.89,400 g,,Panzani Gluten Free COQUILLETTES 400g
2026-10-08,cestoviny-bezlepkove,tesco,2.15,500 g,,TFF SPAGHETTI 500g
2026-10-08,olej,billa,1.49,1 l,,Clever olej Repkový
2026-10-08,olej,fresh,1.99,1 l,,OLEJ SLNEČNICOVÝ 1l 100% FRESH
2026-10-08,olej,fresh,1.78,1 l,2026-12-31,OLEJ SLNEČNICOVÝ 1l 100% FRESH
2026-10-08,olej,kaufland,1.99,1 l,,K Classic Repkový olej 1 l
2026-10-08,olej,kaufland,1.59,1 l,2026-10-14,K Classic Slnečnicový olej 1 l
2026-10-08,olej,lidl,1.49,1 l,,Bell Rastlinný olej repkový
2026-10-08,olej,terno,2.39,1 l,,Olej Slnečnicový BELL 1l
2026-10-08,olej,tesco,1.79,1 l,,TS SLNECNICOVY OLEJ 1 l
2026-10-08,chlieb,billa,1.55,1 kg,,"CHLIEB PŠENIČNO-RAŽNÝ 1000g chlieb voľný, LZ TRADEMARK"
2026-10-08,chlieb,fresh,1.75,1 kg,,CHLIEB SVETLÝ PŠEN. 1kg
2026-10-08,chlieb,fresh,1.54,1 kg,2026-10-31,CHLIEB SVETLÝ PŠEN. 1kg
2026-10-08,chlieb,kaufland,1.59,1 kg,,"Chlieb konzumný 1000 g, NELAPEK s.r.o."
2026-10-08,chlieb,lidl,1.59,1 kg,,Chlieb konzumný bez E
2026-10-08,chlieb,terno,1.79,1 kg,,Chlieb pšenično-ražný 1000g DRAHOVCE
2026-10-08,chlieb,tesco,1.59,1 kg,,Chlieb pšenično - ražný konzumný 1kg
2026-10-08,chlieb-bezlepkovy,billa,3.15,320 g,,"CHLIEB ČIERNY CELOZRNNÝ 320g BEZGLUTÉNOVÝ, Novalim spol.s r.o."
2026-10-08,chlieb-bezlepkovy,fresh,1.69,300 g,,CHLIEB BOSNIAK BEZLEP. 300g
2026-10-08,chlieb-bezlepkovy,fresh,0.59,210 g,2027-01-15,CHLIEB BEZLEP. 210g
2026-10-08,chlieb-bezlepkovy,kaufland,2.49,350 g,,K free Bezgluténový kukurično-ryžový chlieb semienkový krájaný 350 g
2026-10-08,chlieb-bezlepkovy,lidl,1.75,250 g,,"Tastino Bezgluténový chlieb krájaný, viaczrnný"
2026-10-08,chlieb-bezlepkovy,tesco,1.55,250 g,,TS Free From bezglutén.chl. tmavý 250 g
2026-10-08,sojove-mlieko,billa,1.59,1 l,,Billa Bio sojóvý nápoj natural
2026-10-08,sojove-mlieko,lidl,1.39,1 l,,Vemondo Bio Sójový nápoj
2026-10-08,sojove-mlieko,tesco,1.39,1 l,,TS Sojovy napoj nesladeny 1 l
2026-10-08,sojovy-jogurt,fresh,2.89,400 g,,JOG. SÓJ. VÝROBOK 400g BIELY BEZ CUKRU ALPRO
2026-10-08,sojovy-jogurt,kaufland,1.68,500 g,,K Veggie Sojagurt natur 500 g
2026-10-08,rastlinna-smotana,billa,1.79,250 ml,,Rajo Vegan krém na varenie 15%
2026-10-08,rastlinna-smotana,billa,1.393,250 ml,2026-10-13,Alpro sójová smotana na varenie
2026-10-09,zemiaky,billa,4.49,5 kg,,CLEVER zemiaky žlté neskoré konzumné prané typ B
2026-10-09,zemiaky,fresh,1.15,1 kg,,ZEMIAKY KONZ. NESKORÉ
2026-10-09,zemiaky,fresh,0.88,1 kg,2026-12-31,ZEMIAKY KONZ. NESKORÉ
2026-10-09,zemiaky,kaufland,0.89,1 kg,,Zemiaky konzumné varný typ B
2026-10-09,zemiaky,kaufland,0.59,1 kg,2026-10-14,Zemiaky konzumné varný typ B
2026-10-09,zemiaky,lidl,0.99,1 kg,,Zemiaky konzumné neskoré B
2026-10-09,zemiaky,terno,1.19,1 kg,,Zemiaky Colomba/Larissa konz. nesk. voľné
2026-10-09,zemiaky,tesco,0.99,1 kg,,Zemiaky volne konzumne neskore
2026-10-09,cibula,billa,0.79,1 kg,,CLEVER cibuľa
2026-10-09,cibula,fresh,0.85,1 kg,,CIBUĽA ŽLTÁ 1kg BALENÁ FRESH
2026-10-09,cibula,kaufland,4.29,5 kg,,ZLT Cibuľa žltá 5kg
2026-10-09,cibula,lidl,2.49,5 kg,,Cibuľa 5kg
2026-10-09,cibula,terno,0.99,1 kg,,Cibuľa žltá voľná
2026-10-09,cibula,tesco,0.89,1 kg,,Cibuľa voľná
2026-10-09,cibula-cervena,billa,0.79,500 g,,CHUTE SLOVENSKA Cibuľa červená
2026-10-09,cibula-cervena,fresh,1.35,1 kg,,CIBUĽA ČERVENÁ SUCHÁ
2026-10-09,cibula-cervena,fresh,0.95,1 kg,2026-10-21,CIBUĽA ČERVENÁ SUCHÁ
2026-10-09,cibula-cervena,kaufland,1.49,1 kg,,Cibuľa červená
2026-10-09,cibula-cervena,lidl,0.69,500 g,,Červená cibuľa 500g
2026-10-09,cibula-cervena,terno,1.49,1 kg,,Cibuľa červená voľná
2026-10-09,cibula-cervena,tesco,1.39,1 kg,,Cibuľa červená voľná
2026-10-09,cibula-cervena,tesco,0.99,1 kg,2026-10-13,Cibuľa červená voľná
2026-10-09,mrkva,billa,1.29,1 kg,,CLEVER Mrkva
2026-10-09,mrkva,fresh,1.25,1 kg,,MRKVA VOĽNÁ
2026-10-09,mrkva,kaufland,1.29,1 kg,,Mrkva 1kg
2026-10-09,mrkva,kaufland,0.89,1 kg,2026-10-14,Mrkva 1kg
2026-10-09,mrkva,lidl,2.49,2 kg,,Mrkva 2kg
2026-10-09,mrkva,lidl,1.49,2 kg,2026-10-11,Mrkva 2kg
2026-10-09,mrkva,terno,1.29,1 kg,,Mrkva voľná
2026-10-09,mrkva,tesco,1.29,1 kg,,Mrkva voľná
2026-10-09,mrkva,tesco,0.79,1 kg,2026-10-13,EX Tesco mrkva balená 1 kg
2026-10-09,petrzlen-koren,billa,2.99,1 kg,,CHUTE SLOVENSKA Petržlen praný
2026-10-09,petrzlen-koren,fresh,2.65,1 kg,,PETRŽLEN VOĽNÝ
2026-10-09,petrzlen-koren,kaufland,2.69,1 kg,,Petržlen praný
2026-10-09,petrzlen-koren,kaufland,1.79,1 kg,2026-10-14,Petržlen praný
2026-10-09,petrzlen-koren,lidl,2.69,1 kg,,Petržlen
2026-10-09,petrzlen-koren,terno,2.99,1 kg,,Petržlen voľný
2026-10-09,petrzlen-koren,tesco,2.69,1 kg,,EX Petrzlen volny
2026-10-09,citron,billa,0.89,500 g,,CLEVER citróny odroda uvedená na etikete
2026-10-09,citron,fresh,2.95,1 kg,,CITRÓNY
2026-10-09,citron,fresh,1.29,500 g,2026-10-21,"CITRÓNY 0,5kg BAL."
2026-10-09,citron,kaufland,2.55,1 kg,,Citróny
2026-10-09,citron,lidl,1.29,500 g,,Citróny 500g
2026-10-09,citron,terno,2.79,1 kg,,Citróny voľné Eureka/Mayer I.tr
2026-10-09,citron,tesco,2.99,1 kg,,"Citróny, voľné"
2026-10-09,citron,tesco,0.79,500 g,2026-10-13,Tesco citróny 500 g
2026-10-09,banan,billa,1.59,1 kg,,Banány Bonvia
2026-10-09,banan,fresh,1.59,1 kg,,BANÁNY
2026-10-09,banan,kaufland,1.59,1 kg,,Banány
2026-10-09,banan,kaufland,1.29,1 kg,2026-10-14,Banány
2026-10-09,banan,lidl,1.59,1 kg,,Banány
2026-10-09,banan,terno,1.59,1 kg,,Banány voľné
2026-10-09,banan,tesco,1.59,1 kg,,Banány voľné
2026-10-09,banan,tesco,1.19,1 kg,2026-10-13,Banány voľné
2026-10-09,jablko,billa,2.49,2 kg,,"CLEVER jablká červené,odroda uvedená na etikete"
2026-10-09,jablko,billa,0.65,1 kg,2026-10-13,Jablká červené
2026-10-09,jablko,fresh,1.25,1 kg,,JABLKÁ ČERVENÉ
2026-10-09,jablko,fresh,0.75,1 kg,2026-10-14,JABLKÁ ČERVENÉ
2026-10-09,jablko,kaufland,1.39,1 kg,,Jablko červené
2026-10-09,jablko,kaufland,0.65,1 kg,2026-10-14,Jablko červené
2026-10-09,jablko,lidl,1.39,1 kg,,Červené jablká sypané
2026-10-09,jablko,terno,1.39,1 kg,,Jablká červené voľné II.tr.
2026-10-09,jablko,tesco,2.49,2 kg,,"GH Jablká červené, balené 2 kg"
2026-10-09,jablko,tesco,1.59,2 kg,2026-10-11,"GH Jablká zelené, balené 2 kg"
2026-10-09,hladka-muka,billa,0.5,1 kg,,Clever múka Hladká špeciál 00 Extra
2026-10-09,hladka-muka,fresh,0.65,1 kg,,MÚKA HLADKÁ 00 EXTRA 1kg FRESH
2026-10-09,hladka-muka,fresh,0.45,1 kg,2026-12-31,MÚKA HLADKÁ 00 EXTRA 1kg FRESH
2026-10-09,hladka-muka,kaufland,0.45,1 kg,,Z lásky k tradícií Pšeničná múka hladká špecial 00 Extra 1 kg
2026-10-09,hladka-muka,lidl,0.45,1 kg,,"Belbake Pšeničná múka hladká, svetlá, extra 00"
2026-10-09,hladka-muka,terno,0.59,1 kg,,TERKA Pšeničná múka hladká 00 EXTRA 1kg
2026-10-09,hladka-muka,tesco,0.5,1 kg,,TS Múka hladká 1kg
2026-10-09,cukor,billa,0.89,1 kg,,Kryštálový cukor Biely
2026-10-09,cukor,kaufland,0.75,1 kg,,Cukor kryštálový biely 1 kg
2026-10-09,cukor,lidl,0.79,1 kg,,Belbake Kryštálový cukor
2026-10-09,cukor,terno,1.25,1 kg,,HANÁCKY Cukor kryštál 1kg
2026-10-09,cukor,tesco,0.87,1 kg,,TS Kryštálový cukor 1kg
2026-10-09,sosovica-hneda,billa,1.19,500 g,,Clever Šošovica veľkozrnná
2026-10-09,sosovica-hneda,fresh,1.29,500 g,,ŠOŠ. ZELENÁ VEĽKOZRNNÁ 500g FRESH
2026-10-09,sosovica-hneda,fresh,0.98,500 g,2026-12-31,ŠOŠ. ZELENÁ VEĽKOZRNNÁ 500g FRESH
2026-10-09,sosovica-hneda,kaufland,1.19,500 g,,K Classic Šošovica zelená veľkozrnná 500 g
2026-10-09,sosovica-hneda,lidl,0.99,500 g,,Campo Largo Šošovica zelená
2026-10-09,sosovica-hneda,tesco,1.19,500 g,,TESCO SOSOVICA 500 G
2026-10-09,ovsene-vlocky,billa,0.65,500 g,,"Clever ovsené vločky Celozrnné, jemné"
2026-10-09,ovsene-vlocky,fresh,1.05,500 g,,VLOČKY BIO OVSENÉ CELOZRNNÉ JEMNÉ 500g
2026-10-09,ovsene-vlocky,kaufland,0.65,500 g,,K Classic Ovsené vločky jemné 500g
2026-10-09,ovsene-vlocky,lidl,0.65,500 g,,Crownfield Ovsené vločky jemné
2026-10-09,ovsene-vlocky,terno,1.79,500 g,,EMCO Ovsené vločky jemné s vlákninou 500g
2026-10-09,ovsene-vlocky,tesco,0.65,500 g,,TESCO OV. VLOCKY JEMNE 500 G
2026-10-09,ovsene-vlocky-bezlepkove,billa,1.69,500 g,,Bonavita ovs.vločky Celé bez lepku
2026-10-09,ovsene-vlocky-bezlepkove,fresh,1.69,500 g,,VLOČKY OVSENÉ JEMNÉ BEZLEPKOVÉ 500g
2026-10-09,ovsene-vlocky-bezlepkove,kaufland,1.38,250 g,,Ovsené vločky jemné bezgluténové 250 g
2026-10-09,ovsene-vlocky-bezlepkove,terno,1.89,350 g,,RAVITA Ovsené vločky bezglutenové hrubé 350g
2026-10-09,ovsene-vlocky-bezlepkove,tesco,2.39,500 g,,TFF Vlocky ovsene jemne bezglut. 500 g
2026-10-09,cestoviny,billa,0.55,500 g,,Clever kolienka stredné bezvaječné
2026-10-09,cestoviny,fresh,0.55,400 g,,CEST KOL SEKANÉ 400g BEZVAJEČNÉ FRESH
2026-10-09,cestoviny,fresh,0.44,400 g,2026-12-31,CEST KOL SEKANÉ 400g BEZVAJEČNÉ FRESH
2026-10-09,cestoviny,kaufland,0.55,500 g,,K Classic Kolienka bezvaječné 500 g
2026-10-09,cestoviny,lidl,0.44,500 g,,Tiradell Kolienka z mäkkej pšenice
2026-10-09,cestoviny,terno,0.79,400 g,,IDEÁL Kolienka veľké bezvaječné 400g
2026-10-09,cestoviny,tesco,1.09,1 kg,,Hearty Food Co. Spagety 1 kg
2026-10-09,cestoviny-bezlepkove,billa,1.79,500 g,,500g SAM MILLS kukuričné kolienka
2026-10-09,cestoviny-bezlepkove,fresh,1.99,300 g,,CEST. KOLIENKA RYŽ. 300g LUCKA BEZLEP.
2026-10-09,cestoviny-bezlepkove,kaufland,1.15,500 g,,Kfree Špagety bezlepkové 500 g
2026-10-09,cestoviny-bezlepkove,terno,2.89,400 g,,Panzani Gluten Free COQUILLETTES 400g
2026-10-09,cestoviny-bezlepkove,tesco,2.15,500 g,,TFF SPAGHETTI 500g
2026-10-09,olej,billa,1.49,1 l,,Clever olej Repkový
2026-10-09,olej,fresh,1.99,1 l,,OLEJ SLNEČNICOVÝ 1l 100% FRESH
2026-10-09,olej,fresh,1.78,1 l,2026-12-31,OLEJ SLNEČNICOVÝ 1l 100% FRESH
2026-10-09,olej,kaufland,1.99,1 l,,K Classic Repkový olej 1 l
2026-10-09,olej,kaufland,1.59,1 l,2026-10-14,K Classic Slnečnicový olej 1 l
2026-10-09,olej,lidl,1.49,1 l,,Bell Rastlinný olej repkový
2026-10-09,olej,terno,2.39,1 l,,Olej Slnečnicový BELL 1l
2026-10-09,olej,tesco,1.79,1 l,,TS SLNECNICOVY OLEJ 1 l
2026-10-09,chlieb,billa,1.55,1 kg,,"CHLIEB PŠENIČNO-RAŽNÝ 1000g chlieb voľný, LZ TRADEMARK"
2026-10-09,chlieb,fresh,1.75,1 kg,,CHLIEB SVETLÝ PŠEN. 1kg
2026-10-09,chlieb,fresh,1.54,1 kg,2026-10-31,CHLIEB SVETLÝ PŠEN. 1kg
2026-10-09,chlieb,kaufland,1.59,1 kg,,"Chlieb konzumný 1000 g, VAMEX, a.s., Košice"
2026-10-09,chlieb,lidl,1.59,1 kg,,Chlieb konzumný bez E
2026-10-09,chlieb,terno,1.79,1 kg,,Chlieb pšenično-ražný 1000g PENAM
2026-10-09,chlieb,tesco,1.59,1 kg,,Chlieb pšenično - ražný konzumný 1kg
2026-10-09,chlieb-bezlepkovy,billa,3.15,320 g,,"CHLIEB ČIERNY CELOZRNNÝ 320g BEZGLUTÉNOVÝ, Novalim spol.s r.o."
2026-10-09,chlieb-bezlepkovy,fresh,1.69,300 g,,CHLIEB BOSNIAK BEZLEP. 300g
2026-10-09,chlieb-bezlepkovy,fresh,0.59,210 g,2027-01-16,CHLIEB BEZLEP. 210g
2026-10-09,chlieb-bezlepkovy,kaufland,2.49,350 g,,K free Bezgluténový kukurično-ryžový chlieb svetlý krájaný 350 g
2026-10-09,chlieb-bezlepkovy,lidl,1.75,250 g,,"Tastino Bezgluténový chlieb krájaný, viaczrnný"
2026-10-09,chlieb-bezlepkovy,tesco,1.55,250 g,,TS Free From bezglutén.chl. tmavý 250 g
2026-10-09,sojove-mlieko,billa,1.59,1 l,,Billa Bio sojóvý nápoj natural
2026-10-09,sojove-mlieko,lidl,1.39,1 l,,Vemondo Bio Sójový nápoj
2026-10-09,sojove-mlieko,tesco,1.39,1 l,,TS Sójový nápoj sladeny 1 l
2026-10-09,sojovy-jogurt,fresh,2.89,400 g,,JOG. SÓJ. VÝROBOK 400g BIELY BEZ CUKRU ALPRO
2026-10-09,sojovy-jogurt,kaufland,1.68,500 g,,K Veggie Sojagurt natur 500 g
2026-10-09,rastlinna-smotana,billa,1.79,250 ml,,Rajo Vegan krém na varenie 15%
2026-10-09,rastlinna-smotana,billa,1.393,250 ml,2026-10-13,Alpro ryžová smotana na varenie
2026-10-10,zemiaky,billa,4.49,5 kg,,CLEVER zemiaky žlté neskoré konzumné prané typ B
2026-10-10,zemiaky,fresh,1.15,1 kg,,ZEMIAKY KONZ. NESKORÉ
2026-10-10,zemiaky,fresh,0.88,1 kg,2026-12-31,ZEMIAKY KONZ. NESKORÉ
2026-10-10,zemiaky,kaufland,0.89,1 kg,,Zemiaky konzumné varný typ B
2026-10-10,zemiaky,kaufland,0.59,1 kg,2026-10-14,Zemiaky konzumné varný typ B
2026-10-10,zemiaky,lidl,0.99,1 kg,,Zemiaky konzumné neskoré B
2026-10-10,zemiaky,terno,1.19,1 kg,,Zemiaky Larissa/Georgina konz. nesk. voľné
2026-10-10,zemiaky,tesco,0.99,1 kg,,Zemiaky volne konzumne neskore
2026-10-10,cibula,billa,0.79,1 kg,,CLEVER cibuľa
2026-10-10,cibula,fresh,0.85,1 kg,,CIBUĽA VOĽNÁ
2026-10-10,cibula,kaufland,0.55,1 kg,,ZLT Cibuľa žltá 1kg
2026-10-10,cibula,lidl,2.49,5 kg,,Cibuľa 5kg
2026-10-10,cibula,terno,0.99,1 kg,,Cibuľa žltá voľná
2026-10-10,cibula,tesco,0.89,1 kg,,GH Cibuľa balená 1 kg
2026-10-10,cibula-cervena,billa,0.79,500 g,,CHUTE SLOVENSKA Cibuľa červená
2026-10-10,cibula-cervena,fresh,1.35,1 kg,,CIBUĽA ČERVENÁ SUCHÁ
2026-10-10,cibula-cervena,fresh,0.95,1 kg,2026-10-21,CIBUĽA ČERVENÁ SUCHÁ
2026-10-10,cibula-cervena,kaufland,1.49,1 kg,,Cibuľa červená
2026-10-10,cibula-cervena,lidl,0.69,500 g,,Červená cibuľa 500g
2026-10-10,cibula-cervena,terno,1.49,1 kg,,Cibuľa červená voľná
2026-10-10,cibula-cervena,tesco,1.39,1 kg,,Cibuľa červená voľná
2026-10-10,cibula-cervena,tesco,0.99,1 kg,2026-10-13,Cibuľa červená voľná
2026-10-10,mrkva,billa,1.29,1 kg,,CLEVER Mrkva
2026-10-10,mrkva,fresh,1.25,1 kg,,MRKVA VOĽNÁ
2026-10-10,mrkva,kaufland,1.29,1 kg,,Mrkva 1kg
2026-10-10,mrkva,kaufland,0.89,1 kg,2026-10-14,Mrkva 1kg
2026-10-10,mrkva,lidl,2.49,2 kg,,Mrkva 2kg
2026-10-10,mrkva,lidl,1.49,2 kg,2026-10-11,Mrkva 2kg
2026-10-10,mrkva,terno,1.29,1 kg,,Mrkva voľná
2026-10-10,mrkva,tesco,1.29,1 kg,,EX Mrkva voľná
2026-10-10,mrkva,tesco,0.79,1 kg,2026-10-13,EX Tesco mrkva balená 1 kg
2026-10-10,petrzlen-koren,billa,2.99,1 kg,,CHUTE SLOVENSKA Petržlen praný
2026-10-10,petrzlen-koren,fresh,2.65,1 kg,,PETRŽLEN VOĽNÝ
2026-10-10,petrzlen-koren,kaufland,2.69,1 kg,,Petržlen praný
2026-10-10,petrzlen-koren,kaufland,1.79,1 kg,2026-10-14,Petržlen praný
2026-10-10,petrzlen-koren,lidl,2.69,1 kg,,Petržlen
2026-10-10,petrzlen-koren,terno,2.99,1 kg,,Petržlen voľný
2026-10-10,petrzlen-koren,tesco,2.69,1 kg,,Petrzlen volny
2026-10-10,citron,billa,0.89,500 g,,CLEVER citróny odroda uvedená na etikete
2026-10-10,citron,fresh,2.95,1 kg,,CITRÓNY
2026-10-10,citron,fresh,1.29,500 g,2026-10-21,"CITRÓNY 0,5kg BAL."
2026-10-10,citron,kaufland,1.49,500 g,,Citróny 500g
2026-10-10,citron,lidl,1.29,500 g,,Citróny 500g
2026-10-10,citron,terno,2.79,1 kg,,Citróny voľné Eureka/Mayer I.tr
2026-10-10,citron,tesco,2.99,1 kg,,"Citróny, voľné"
2026-10-10,citron,tesco,0.79,500 g,2026-10-13,Tesco citróny 500 g
2026-10-10,banan,billa,1.59,1 kg,,Banány Bonvia
2026-10-10,banan,fresh,1.59,1 kg,,BANÁNY
2026-10-10,banan,kaufland,1.59,1 kg,,Banány
2026-10-10,banan,kaufland,1.29,1 kg,2026-10-14,Banány
2026-10-10,banan,lidl,1.59,1 kg,,Banány
2026-10-10,banan,terno,1.59,1 kg,,Banány voľné
2026-10-10,banan,tesco,1.59,1 kg,,Banány voľné
2026-10-10,banan,tesco,1.19,1 kg,2026-10-13,Banány voľné
2026-10-10,jablko,billa,2.49,2 kg,,"CLEVER jablká červené,odroda uvedená na etikete"
2026-10-10,jablko,billa,0.65,1 kg,2026-10-13,Jablká červené
2026-10-10,jablko,fresh,1.25,1 kg,,JABLKÁ ČERVENÉ
2026-10-10,jablko,fresh,0.75,1 kg,2026-10-14,JABLKÁ ČERVENÉ
2026-10-10,jablko,kaufland,1.39,1 kg,,Jablko červené
2026-10-10,jablko,kaufland,0.65,1 kg,2026-10-14,Jablko červené
2026-10-10,jablko,lidl,1.39,1 kg,,Červené jablká sypané
2026-10-10,jablko,terno,1.39,1 kg,,Jablká červené voľné II.tr.
2026-10-10,jablko,tesco,2.49,2 kg,,"GH Jablká červené, balené 2 kg"
2026-10-10,jablko,tesco,1.59,2 kg,2026-10-11,"GH Jablká zelené, balené 2 kg"
2026-10-10,hladka-muka,billa,0.5,1 kg,,Clever múka Hladká špeciál 00 Extra
2026-10-10,hladka-muka,fresh,0.65,1 kg,,MÚKA HLADKÁ T650 1kg FRESH
2026-10-10,hladka-muka,fresh,0.45,1 kg,2026-12-31,MÚKA HLADKÁ T650 1kg FRESH
2026-10-10,hladka-muka,kaufland,0.45,1 kg,,Z lásky k tradícií Pšeničná múka hladká špecial 00 Extra 1 kg
2026-10-10,hladka-muka,lidl,0.45,1 kg,,Mlyn Pohronský Ruskov Pšeničná múka hladká
2026-10-10,hladka-muka,terno,0.59,1 kg,,TERKA Pšeničná múka hladká 00 EXTRA 1kg
2026-10-10,hladka-muka,tesco,0.5,1 kg,,TS Múka hladká 1kg
2026-10-10,cukor,billa,0.89,1 kg,,Kryštálový cukor Biely
2026-10-10,cukor,kaufland,0.67,1 kg,,Cukor kryštálový biely 1 kg
2026-10-10,cukor,lidl,0.79,1 kg,,Belbake Kryštálový cukor
2026-10-10,cukor,terno,1.25,1 kg,,HANÁCKY Cukor kryštál 1kg
2026-10-10,cukor,tesco,0.87,1 kg,,TS Kryštálový cukor 1kg
2026-10-10,sosovica-hneda,billa,1.19,500 g,,Clever Šošovica veľkozrnná
2026-10-10,sosovica-hneda,fresh,1.29,500 g,,ŠOŠ. ZELENÁ VEĽKOZRNNÁ 500g FRESH
2026-10-10,sosovica-hneda,fresh,0.98,500 g,2026-12-31,ŠOŠ. ZELENÁ VEĽKOZRNNÁ 500g FRESH
2026-10-10,sosovica-hneda,kaufland,1.19,500 g,,K Classic Šošovica zelená veľkozrnná 500 g
2026-10-10,sosovica-hneda,lidl,0.99,500 g,,Campo Largo Šošovica zelená
2026-10-10,sosovica-hneda,tesco,1.19,500 g,,TESCO SOSOVICA 500 G
2026-10-10,ovsene-vlocky,billa,0.65,500 g,,"Clever ovsené vločky Celozrnné, jemné"
2026-10-10,ovsene-vlocky,fresh,1.05,500 g,,VLOČKY BIO OVSENÉ CELOZRNNÉ JEMNÉ 500g
2026-10-10,ovsene-vlocky,kaufland,0.65,500 g,,K Classic Ovsené vločky jemné 500g
2026-10-10,ovsene-vlocky,lidl,0.65,500 g,,Crownfield Ovsené vločky jemné
2026-10-10,ovsene-vlocky,terno,1.79,500 g,,EMCO Ovsené vločky jemné s vlákninou 500g
2026-10-10,ovsene-vlocky,tesco,0.65,500 g,,TESCO OV. VLOCKY JEMNE 500 G
2026-10-10,ovsene-vlocky-bezlepkove,billa,1.69,500 g,,Bonavita ovs.vločky Celé bez lepku
2026-10-10,ovsene-vlocky-bezlepkove,fresh,1.69,500 g,,VLOČKY OVSENÉ JEMNÉ BEZLEPKOVÉ 500g
2026-10-10,ovsene-vlocky-bezlepkove,kaufland,1.38,250 g,,Ovsené vločky výberové-bezgluténové 250 g
2026-10-10,ovsene-vlocky-bezlepkove,terno,1.89,350 g,,RAVITA Ovsené vločky bezglutenové hrubé 350g
2026-10-10,ovsene-vlocky-bezlepkove,tesco,2.39,500 g,,TFF Vlocky ovsene jemne bezglut. 500 g
2026-10-10,cestoviny,billa,0.55,500 g,,Clever kolienka stredné bezvaječné
2026-10-10,cestoviny,fresh,0.55,400 g,,CEST. KOLIENKA BEZVAJEČNÉ 400g FRESH
2026-10-10,cestoviny,fresh,0.44,400 g,2026-12-31,CEST. KOLIENKA BEZVAJEČNÉ 400g FRESH
2026-10-10,cestoviny,kaufland,0.55,500 g,,K Classic Kolienka bezvaječné 500 g
2026-10-10,cestoviny,lidl,0.44,500 g,,Tiradell Kolienka z mäkkej pšenice
2026-10-10,cestoviny,terno,0.79,400 g,,IDEÁL Kolienka veľké bezvaječné 400g
2026-10-10,cestoviny,tesco,1.09,1 kg,,Hearty Food Co. Spagety 1 kg
2026-10-10,cestoviny-bezlepkove,billa,1.79,500 g,,500g SAM MILLS kukuričné kolienka
2026-10-10,cestoviny-bezlepkove,fresh,1.99,300 g,,CEST. KOLIENKA RYŽ. 300g LUCKA BEZLEP.
2026-10-10,cestoviny-bezlepkove,kaufland,1.15,500 g,,Kfree Špagety bezlepkové 500 g
2026-10-10,cestoviny-bezlepkove,terno,2.89,400 g,,Panzani Gluten Free SPAGHETTI 400g
2026-10-10,cestoviny-bezlepkove,tesco,2.15,500 g,,TFF SPAGHETTI 500g
2026-10-10,olej,billa,1.49,1 l,,Clever olej Repkový
2026-10-10,olej,fresh,1.99,1 l,,OLEJ SLNEČNICOVÝ 1l 100% FRESH
2026-10-10,olej,fresh,1.78,1 l,2026-12-31,OLEJ SLNEČNICOVÝ 1l 100% FRESH
2026-10-10,olej,kaufland,1.99,1 l,,K Classic Repkový olej 1 l
2026-10-10,olej,kaufland,1.59,1 l,2026-10-14,K Classic Slnečnicový olej 1 l
2026-10-10,olej,lidl,1.49,1 l,,Vita D'or Repkový olej
2026-10-10,olej,terno,2.39,1 l,,Olej Slnečnicový BELL 1l
2026-10-10,olej,tesco,1.79,1 l,,TS SLNECNICOVY OLEJ 1 l
2026-10-10,chlieb,billa,1.55,1 kg,,"CHLIEB PŠENIČNO-RAŽNÝ 1000g chlieb voľný, LZ TRADEMARK"
2026-10-10,chlieb,fresh,1.75,1 kg,,CHLIEB SVETLÝ PŠEN. 1kg
2026-10-10,chlieb,fresh,1.54,1 kg,2026-10-31,CHLIEB SVETLÝ PŠEN. 1kg
2026-10-10,chlieb,kaufland,1.59,1 kg,,"Chlieb konzumný 1000 g, Mravec a synovia,s.r.o."
2026-10-10,chlieb,lidl,1.59,1 kg,,Chlieb konzumný bez E
2026-10-10,chlieb,terno,1.79,1 kg,,Chlieb pšenično-ražný 1000g DRAHOVCE
2026-10-10,chlieb,tesco,1.59,1 kg,,Chlieb pšenično - ražný konzumný 1kg
2026-10-10,chlieb-bezlepkovy,billa,3.15,320 g,,"CHLIEB ČIERNY CELOZRNNÝ 320g BEZGLUTÉNOVÝ, Novalim spol.s r.o."
2026-10-10,chlieb-bezlepkovy,fresh,1.69,300 g,,CHLIEB BOSNIAK BEZLEP. 300g
2026-10-10,chlieb-bezlepkovy,fresh,0.59,210 g,2027-01-17,CHLIEB BEZLEP. 210g
2026-10-10,chlieb-bezlepkovy,kaufland,2.49,350 g,,K free Bezgluténový kukurično-ryžový chlieb semienkový krájaný 350 g
2026-10-10,chlieb-bezlepkovy,lidl,1.75,250 g,,"Tastino Bezgluténový chlieb krájaný, biely"
2026-10-10,chlieb-bezlepkovy,tesco,1.55,250 g,,TS Free From bezglutén.chl. tmavý 250 g
2026-10-10,sojove-mlieko,billa,1.59,1 l,,Billa Bio sojóvý nápoj natural
2026-10-10,sojove-mlieko,lidl,1.39,1 l,,Vemondo Bio Sójový nápoj
2026-10-10,sojove-mlieko,tesco,1.39,1 l,,TS Sójový nápoj sladeny 1 l
2026-10-10,sojovy-jogurt,fresh,2.89,400 g,,JOG. SÓJ. VÝROBOK 400g BIELY BEZ CUKRU ALPRO
2026-10-10,sojovy-jogurt,kaufland,1.68,500 g,,K Veggie Sojagurt natur 500 g
2026-10-10,rastlinna-smotana,billa,1.79,250 ml,,Rajo Vegan krém na varenie 15%
2026-10-10,rastlinna-smotana,billa,1.393,250 ml,2026-10-13,Alpro ryžová smotana na varenie
